customer_id,monthly_usage_hrs,feature_adoption_pct,last_login_date
C-0001,20.1,73.6,2024-11-27
C-0002,25.6,54.8,2024-10-25
C-0003,136.1,66,2024-11-25
C-0004,16.2,15.2,2024-11-24
C-0005,12.5,63.6,2024-12-20
C-0006,24.1,89,2024-11-09
C-0007,79.3,40.4,2024-11-19
C-0008,265.2,27.2,2024-12-18
C-0009,4.9,72.2,2024-12-07
C-0010,67.5,54.2,2024-12-28
C-0011,27.5,37.2,2024-11-23
C-0012,34.6,72.5,2024-10-08
C-0013,195.8,47.1,2024-10-31
C-0014,14,75.3,2024-11-14
C-0015,96.9,80.6,2024-12-21
C-0016,55.9,65.8,2024-11-23
C-0017,6.2,24.4,2024-10-25
C-0018,31.1,74.8,2024-12-26
C-0019,49.7,22.2,2024-12-26
C-0020,30,80.4,2024-12-01
C-0021,40.5,73.5,2024-10-05
C-0022,18.7,71,2024-12-15
C-0023,220,87.1,2024-10-26
C-0024,74.1,16.9,2024-11-08
C-0025,109.7,44.6,2024-11-18
C-0026,96.3,93.7,2024-12-15
C-0027,97.1,90.6,2024-10-20
C-0028,91.9,50.9,2024-12-06
C-0029,17.1,43,2024-12-08
C-0030,37.4,44.5,2024-12-17
C-0031,52,49.7,2024-10-25
C-0032,53,39.6,2024-12-05
C-0033,119.6,36.3,2024-12-31
C-0034,46.4,74,2024-10-25
C-0035,131.2,71.6,2024-11-09
C-0036,90.2,82.8,2024-10-28
C-0037,145.8,70.4,2024-10-09
C-0038,47.2,46,2024-12-02
C-0039,52,90.9,2024-10-18
C-0040,43.6,33.6,2024-12-03
C-0041,46.1,72.9,2024-10-04
C-0042,125.7,14.6,2024-10-28
C-0043,121,34.8,2024-10-28
C-0044,42,87.1,2024-11-20
C-0045,72,44.7,2024-11-05
C-0046,251.2,19.2,2024-10-08
C-0047,93,59.3,2024-12-07
C-0048,148.3,16.5,2024-10-23
C-0049,35.8,69.3,2024-11-10
C-0050,246.1,91.5,2024-11-12
C-0051,24.2,75.9,2024-11-09
C-0052,107,86.7,2024-10-11
C-0053,35.5,43.7,2024-11-07
C-0054,16.5,93.9,2024-11-15
C-0055,72.7,51.7,2024-12-07
C-0056,16.2,31.4,2024-10-17
C-0057,110.3,14.3,2024-10-26
C-0058,9.9,78.1,2024-11-08
C-0059,93.3,14.4,2024-12-20
C-0060,3.5,67.1,2024-11-04
C-0061,19.9,34.1,2024-10-19
C-0062,35.3,90.4,2024-10-29
C-0063,56.1,64.2,2024-11-16
C-0064,138.3,83.1,2024-10-19
C-0065,38,13.1,2024-12-14
C-0066,75.9,80.7,2024-12-22
C-0067,33,34.7,2024-12-29
C-0068,102.4,70,2024-11-12
C-0069,189.8,37.7,2024-12-03
C-0070,72.8,51.9,2024-10-02
C-0071,11.1,37.2,2024-11-27
C-0072,102.3,42.1,2024-10-25
C-0073,140.7,37.5,2024-12-23
C-0074,73.7,36.9,2024-11-16
C-0075,49.8,22.4,2024-12-14
C-0076,87.7,74.8,2024-12-17
C-0077,68.6,46.4,2024-10-29
C-0078,99.1,52.8,2024-12-23
C-0079,57.3,31.1,2024-11-17
C-0080,125.2,21.8,2024-11-04
C-0081,182.6,21.3,2024-10-24
C-0082,44.9,49.4,2024-12-17
C-0083,38.7,89.5,2024-10-31
C-0084,102.3,39.3,2024-11-01
C-0085,132.8,77.7,2024-12-09
C-0086,177.6,10.1,2024-12-08
C-0087,21.8,15.5,2024-11-21
C-0088,108.1,29.1,2024-12-11
C-0089,59.1,79.1,2024-11-15
C-0090,73.1,76.3,2024-12-24
C-0091,144.9,35.3,2024-12-25
C-0092,92.5,56.3,2024-10-26
C-0093,14.1,27.2,2024-10-22
C-0094,21.9,69.6,2024-11-22
C-0095,192.7,17.7,2024-11-29
C-0096,287.7,43,2024-11-13
C-0097,126.5,73.8,2024-11-03
C-0098,177.9,46.3,2024-11-13
C-0099,58.5,64.2,2024-11-28
C-0100,113.5,86.6,2024-12-22
C-0101,133.6,82.1,2024-12-22
C-0102,46.9,26.6,2024-11-29
C-0103,11.9,41.9,2024-11-30
C-0104,27.2,31.5,2024-12-02
C-0105,46.1,31.7,2024-12-10
C-0106,49.6,53.1,2024-11-16
C-0107,129.8,56.5,2024-12-11
C-0108,29.7,93.9,2024-11-26
C-0109,109.4,41.1,2024-10-30
C-0110,57.7,14,2024-10-31
C-0111,44.4,72.7,2024-12-07
C-0112,105.2,60.2,2024-10-27
C-0113,30.7,38.4,2024-11-21
C-0114,5,34.6,2024-10-19
C-0115,2.6,70.4,2024-11-11
C-0116,107.6,74.1,2024-11-24
C-0117,23.9,75.2,2024-11-28
C-0118,14.2,40.2,2024-10-24
C-0119,8.8,21.6,2024-10-31
C-0120,283.8,66.6,2024-11-07
C-0121,34.1,38.8,2024-11-12
C-0122,102.3,74.8,2024-12-01
C-0123,89.8,26,2024-12-01
C-0124,43.7,93.2,2024-10-30
C-0125,143.9,59,2024-11-03
C-0126,56.9,61.8,2024-12-27
C-0127,25.3,18.2,2024-10-26
C-0128,103.1,12.7,2024-12-18
C-0129,75.2,42.9,2024-12-08
C-0130,133,88,2024-11-04
C-0131,188.3,81.5,2024-12-10
C-0132,194.4,59.5,2024-12-28
C-0133,133.8,49.5,2024-12-24
C-0134,72.5,11.9,2024-11-06
C-0135,20.3,73.4,2024-12-27
C-0136,26.5,47.8,2024-12-11
C-0137,21.2,23.1,2024-11-27
C-0138,68.7,68.6,2024-11-09
C-0139,80,69.7,2024-10-07
C-0140,85.7,70.7,2024-11-06
C-0141,8.2,88.9,2024-11-29
C-0142,275.1,68,2024-11-02
C-0143,193.9,72.5,2024-12-18
C-0144,224.1,58.4,2024-10-04
C-0145,71.7,82.1,2024-12-27
C-0146,15.5,37.1,2024-11-08
C-0147,148.5,23.4,2024-10-05
C-0148,42.8,66.4,2024-11-11
C-0149,132.5,77.4,2024-11-06
C-0150,234,33.6,2024-10-04
C-0151,55,56.8,2024-11-15
C-0152,96.7,42.1,2024-10-21
C-0153,20.3,47.4,2024-10-07
C-0154,149.6,85.6,2024-11-24
C-0155,58.1,60.1,2024-11-21
C-0156,145.7,38.5,2024-12-23
C-0157,140.8,27.1,2024-10-17
C-0158,267.1,55,2024-10-07
C-0159,74.2,43.7,2024-12-22
C-0160,253.1,82,2024-11-04
C-0161,42.1,59.5,2024-12-22
C-0162,40.2,48,2024-10-22
C-0163,87,74.1,2024-12-30
C-0164,2.7,13.6,2024-11-27
C-0165,116.3,38.8,2024-11-18
C-0166,102.5,76.1,2024-12-19
C-0167,6.4,87,2024-11-07
C-0168,32.4,43.7,2024-12-25
C-0169,222.6,60.9,2024-11-12
C-0170,23.4,52.1,2024-11-08
C-0171,121.4,63,2024-11-23
C-0172,137.9,42.8,2024-12-07
C-0173,58.8,88,2024-11-29
C-0174,259.9,51.7,2024-10-23
C-0175,16.2,54,2024-11-27
C-0176,90.9,20.6,2024-12-30
C-0177,36.7,90.9,2024-10-04
C-0178,50,20.4,2024-10-14
C-0179,49.6,23.7,2024-10-27
C-0180,93.3,83.7,2024-12-14
C-0181,18.1,69.2,2024-12-28
C-0182,106.2,92.1,2024-11-07
C-0183,117.7,16.8,2024-11-24
C-0184,3,64.6,2024-11-01
C-0185,38.5,28,2024-10-14
C-0186,12.5,31.4,2024-10-06
C-0187,12.8,89.5,2024-10-25
C-0188,50,51.6,2024-12-09
C-0189,53.3,31,2024-11-04
C-0190,43.1,30.5,2024-12-12
C-0191,198,45,2024-10-10
C-0192,27.2,73.4,2024-12-03
C-0193,58.4,70.5,2024-11-05
C-0194,28.7,51.4,2024-12-14
C-0195,290,84.6,2024-10-20
C-0196,91.5,12,2024-12-19
C-0197,61.6,51.5,2024-12-18
C-0198,208.1,94.2,2024-10-08
C-0199,54.2,23.3,2024-10-31
C-0200,225.9,62.6,2024-12-26
C-0201,104.8,27.5,2024-11-20
C-0202,52.6,43,2024-10-24
C-0203,76.9,31.8,2024-10-31
C-0204,73.7,50.9,2024-11-11
C-0205,39.7,49.1,2024-11-24
C-0206,40,42.9,2024-12-13
C-0207,114.8,92.4,2024-12-24
C-0208,129.3,90.5,2024-10-06
C-0209,13.9,67,2024-12-18
C-0210,113.9,83.7,2024-10-18
C-0211,54.1,43.5,2024-12-13
C-0212,52.5,84,2024-12-20
C-0213,222,73.6,2024-10-15
C-0214,97.4,43.4,2024-11-01
C-0215,148.1,61.8,2024-11-20
C-0216,81.8,28.4,2024-12-04
C-0217,5.7,74.4,2024-12-22
C-0218,42.5,15.4,2024-11-09
C-0219,88.8,41.3,2024-10-04
C-0220,121.9,75.3,2024-10-15
C-0221,8,39.8,2024-11-23
C-0222,56,37.3,2024-10-05
C-0223,287.3,14.2,2024-10-23
C-0224,45.3,56.1,2024-11-21
C-0225,83.2,78.3,2024-11-29
C-0226,26.8,80.6,2024-11-12
C-0227,35.3,26.9,2024-10-19
C-0228,204,39.3,2024-12-04
C-0229,62.6,19.8,2024-12-30
C-0230,132.4,23.9,2024-11-27
C-0231,32.9,59.4,2024-11-05
C-0232,39.4,39.8,2024-11-23
C-0233,51.8,31.5,2024-11-28
C-0234,82.3,50.5,2024-12-01
C-0235,23.4,76.8,2024-10-22
C-0236,58.5,72.1,2024-10-11
C-0237,15.3,56.8,2024-12-27
C-0238,36.3,18.8,2024-12-07
C-0239,100.5,84.5,2024-10-14
C-0240,299.4,52.8,2024-10-16
C-0241,85.6,22.4,2024-12-07
C-0242,125.7,83.7,2024-11-09
C-0243,146.9,68.3,2024-11-26
C-0244,136.3,68.3,2024-11-05
C-0245,87.2,34.6,2024-12-29
C-0246,28.6,27.3,2024-12-10
C-0247,4,67.1,2024-12-31
C-0248,235.4,62.6,2024-12-13
C-0249,146.6,17,2024-12-26
C-0250,24.5,57,2024-12-08
C-0251,8.5,24.5,2024-12-03
C-0252,4,41.6,2024-12-27
C-0253,240.7,46,2024-12-06
C-0254,68.3,58,2024-11-30
C-0255,27.6,40.1,2024-11-24
C-0256,175.5,12.2,2024-11-20
C-0257,38.5,54.7,2024-11-25
C-0258,56.3,59.3,2024-11-10
C-0259,38.8,92.4,2024-12-02
C-0260,4.4,38.5,2024-12-27
C-0261,35.1,88.8,2024-11-22
C-0262,53.9,90.4,2024-10-09
C-0263,62.3,87.9,2024-10-30
C-0264,40.7,33.1,2024-11-10
C-0265,197.9,56.6,2024-10-03
C-0266,21.3,19.3,2024-12-25
C-0267,85.1,85.4,2024-10-24
C-0268,37,56.7,2024-12-25
C-0269,15.4,83.6,2024-11-08
C-0270,41,88.9,2024-10-30
C-0271,28.2,86.8,2024-12-20
C-0272,142.7,32.5,2024-11-04
C-0273,157.5,92.3,2024-10-16
C-0274,129.1,81,2024-10-21
C-0275,125.4,47.8,2024-11-20
C-0276,171.5,67.4,2024-11-06
C-0277,18.4,40,2024-12-20
C-0278,114,83.4,2024-11-17
C-0279,10.2,38.8,2024-11-10
C-0280,110.6,23.3,2024-12-12
C-0281,30.3,72.3,2024-12-12
C-0282,27.9,47.3,2024-10-14
C-0283,184.4,64.4,2024-11-24
C-0284,29.5,51.6,2024-12-11
C-0285,62.9,65.2,2024-10-10
C-0286,43.3,84.3,2024-11-04
C-0287,14.9,18.7,2024-10-07
C-0288,26.6,15,2024-10-16
C-0289,144.2,19.4,2024-10-07
C-0290,71.6,59.3,2024-12-29
C-0291,24,34.6,2024-12-13
C-0292,37.1,89.3,2024-12-18
C-0293,7.8,38.7,2024-12-15
C-0294,53.6,88.5,2024-11-11
C-0295,66,55.1,2024-11-14
C-0296,107.6,19.7,2024-11-05
C-0297,18.3,59.2,2024-10-13
C-0298,44.9,25.1,2024-10-31
C-0299,62.4,63,2024-12-23
C-0300,122,24.7,2024-10-07
C-0301,51.5,56.8,2024-10-30
C-0302,17.6,14.4,2024-10-12
C-0303,36.7,30.6,2024-11-15
C-0304,33.3,13.3,2024-11-02
C-0305,134.2,75.1,2024-11-25
C-0306,116.2,14.1,2024-11-10
C-0307,20.9,24.1,2024-11-12
C-0308,24.4,29.6,2024-12-19
C-0309,71.4,20.3,2024-11-21
C-0310,23,16.3,2024-12-31
C-0311,154.3,41,2024-12-20
C-0312,10.7,78.5,2024-10-31
C-0313,11.7,41.1,2024-11-05
C-0314,21.6,20.9,2024-10-05
C-0315,148.1,54.8,2024-11-10
C-0316,114.5,19.9,2024-10-03
C-0317,278.8,47.7,2024-11-28
C-0318,54.5,65.6,2024-11-01
C-0319,150.8,49.2,2024-12-18
C-0320,14.9,66.5,2024-11-03
C-0321,259.6,11,2024-10-20
C-0322,36.9,71.4,2024-10-22
C-0323,42.4,81.1,2024-11-01
C-0324,107.2,64.8,2024-12-15
C-0325,143.4,18.3,2024-10-14
C-0326,118,46.1,2024-12-07
C-0327,58.4,64.9,2024-12-18
C-0328,49.1,64.5,2024-10-12
C-0329,82.9,59,2024-11-04
C-0330,223.9,63.9,2024-10-11
C-0331,148.1,31.1,2024-12-27
C-0332,69.1,51.1,2024-12-25
C-0333,21,57.3,2024-11-27
C-0334,40.1,12.8,2024-10-31
C-0335,85.7,90.4,2024-11-25
C-0336,42,25.1,2024-10-27
C-0337,148.4,17.6,2024-12-12
C-0338,127.4,27.8,2024-12-08
C-0339,14.4,90.1,2024-12-16
C-0340,56.3,52.2,2024-12-07
C-0341,122,71.4,2024-10-15
C-0342,104.4,15.6,2024-12-13
C-0343,130.1,29.2,2024-10-19
C-0344,145.8,43.6,2024-10-30
C-0345,74.9,20.9,2024-12-21
C-0346,26.6,50.4,2024-11-14
C-0347,50.3,70.5,2024-12-10
C-0348,34.3,54.5,2024-10-02
C-0349,257.7,31.1,2024-10-25
C-0350,106.3,46.1,2024-12-14
C-0351,5.9,63.1,2024-11-04
C-0352,45.7,93.7,2024-12-02
C-0353,116.6,36,2024-11-21
C-0354,50.2,37.4,2024-12-05
C-0355,125.4,54,2024-12-24
C-0356,57.8,51.3,2024-12-03
C-0357,124.9,28.4,2024-11-04
C-0358,110.8,75.1,2024-12-20
C-0359,59.4,38.3,2024-12-28
C-0360,49.9,62.9,2024-12-30
C-0361,95.5,86.2,2024-11-14
C-0362,28,20.8,2024-10-21
C-0363,26.6,80.9,2024-11-19
C-0364,253.6,87.1,2024-10-13
C-0365,146.8,10.9,2024-10-20
C-0366,158.9,48,2024-11-04
C-0367,38.9,92.8,2024-10-04
C-0368,62.1,64.9,2024-10-16
C-0369,266,35.8,2024-11-17
C-0370,121.8,91,2024-11-22
C-0371,19,31.7,2024-11-29
C-0372,137.8,44.5,2024-10-22
C-0373,5.5,55.1,2024-10-15
C-0374,248.2,40,2024-12-24
C-0375,64,47.3,2024-10-29
C-0376,146.2,84.6,2024-10-12
C-0377,35.9,50.1,2024-11-15
C-0378,74.5,74.7,2024-11-29
C-0379,28.8,82.8,2024-11-05
C-0380,97.4,76.4,2024-11-20
C-0381,35.4,11.7,2024-10-19
C-0382,108.7,23.1,2024-10-21
C-0383,106.6,45.5,2024-10-19
C-0384,34.6,48.6,2024-12-15
C-0385,143.6,68.8,2024-10-17
C-0386,35.5,27.9,2024-11-06
C-0387,264.3,58.9,2024-10-12
C-0388,217.7,51.2,2024-11-26
C-0389,251.2,90.3,2024-12-14
C-0390,18.4,68.8,2024-11-03
C-0391,116.8,32.9,2024-11-18
C-0392,110.5,68.6,2024-12-31
C-0393,90.1,21.1,2024-11-01
C-0394,92.2,81.5,2024-10-10
C-0395,122.4,76.1,2024-10-05
C-0396,66.8,91.6,2024-12-18
C-0397,38.1,19,2024-10-20
C-0398,51.6,78.2,2024-10-15
C-0399,32.7,63.1,2024-12-05
C-0400,45.5,11.6,2024-10-31
C-0401,245,33.9,2024-12-20
C-0402,42.3,82,2024-11-28
C-0403,54.5,46.9,2024-10-17
C-0404,93.2,94.4,2024-11-06
C-0405,34.3,71.3,2024-10-06
C-0406,19.8,63.5,2024-12-25
C-0407,108.9,94.6,2024-12-22
C-0408,160.9,22.4,2024-10-06
C-0409,43,85.2,2024-10-16
C-0410,114.3,42.6,2024-12-25
C-0411,132.6,36.6,2024-12-19
C-0412,54.3,49.1,2024-10-20
C-0413,64.1,45.9,2024-10-25
C-0414,14.2,86.7,2024-12-28
C-0415,7.3,50.6,2024-10-03
C-0416,57.2,94.9,2024-12-08
C-0417,103.3,50.9,2024-12-21
C-0418,256.8,62.4,2024-12-11
C-0419,17.7,46.2,2024-12-25
C-0420,43.9,80.4,2024-12-23
C-0421,70.7,73.4,2024-10-02
C-0422,128,51,2024-10-03
C-0423,85.3,42,2024-11-01
C-0424,24.4,66.3,2024-12-17
C-0425,174.7,35.5,2024-11-13
C-0426,52,87.4,2024-10-21
C-0427,54.1,17.8,2024-11-26
C-0428,38.5,55.8,2024-12-26
C-0429,46.7,44.9,2024-10-13
C-0430,8.8,84.3,2024-11-05
C-0431,137.2,46.2,2024-12-12
C-0432,108.8,31.4,2024-12-21
C-0433,79.4,70.4,2024-12-31
C-0434,27.3,63.1,2024-10-31
C-0435,50,74.6,2024-10-17
C-0436,89.6,73.4,2024-10-24
C-0437,63.6,67.6,2024-12-10
C-0438,101.6,60.2,2024-12-20
C-0439,14.5,73.2,2024-12-12
C-0440,11.8,72.5,2024-12-01
C-0441,38.1,20.5,2024-11-13
C-0442,25,42.8,2024-12-15
C-0443,37.9,37.7,2024-11-15
C-0444,159.8,79.6,2024-12-19
C-0445,39.1,43.1,2024-10-27
C-0446,239.1,46.6,2024-10-03
C-0447,38.5,42.6,2024-11-01
C-0448,38.9,73.5,2024-12-24
C-0449,79.2,41.3,2024-12-31
C-0450,90.9,87.8,2024-11-23
C-0451,60,23.6,2024-10-28
C-0452,10.1,40.7,2024-11-14
C-0453,34.1,67.2,2024-12-30
C-0454,208.8,53.6,2024-12-20
C-0455,208,93.1,2024-12-23
C-0456,225,76.7,2024-10-21
C-0457,34.9,67.3,2024-12-05
C-0458,27.5,35.6,2024-12-05
C-0459,59.3,58.2,2024-11-12
C-0460,110.1,65.9,2024-10-04
C-0461,90.6,94.3,2024-11-13
C-0462,52.9,30.4,2024-12-15
C-0463,181.3,18.8,2024-12-31
C-0464,20.7,30.8,2024-11-13
C-0465,44.8,36.7,2024-11-07
C-0466,5.4,75.8,2024-12-06
C-0467,19.1,14.3,2024-11-15
C-0468,38.3,81.4,2024-11-03
C-0469,94.6,11.2,2024-10-28
C-0470,266.4,24.6,2024-11-13
C-0471,37.4,18.6,2024-10-15
C-0472,44,56.4,2024-11-28
C-0473,89.4,31.7,2024-10-23
C-0474,48.2,68.5,2024-10-02
C-0475,35.5,28.9,2024-10-25
C-0476,293.9,70,2024-11-05
C-0477,298.2,38.4,2024-10-30
C-0478,126.4,81.5,2024-11-12
C-0479,128.6,93,2024-11-04
C-0480,9.8,36.3,2024-11-05
C-0481,78.4,92.5,2024-12-17
C-0482,36.3,66.4,2024-12-12
C-0483,98.9,23.8,2024-11-01
C-0484,87.2,71,2024-10-21
C-0485,50.4,54.6,2024-12-12
C-0486,73.6,93.6,2024-12-02
C-0487,13.6,70,2024-11-09
C-0488,6.5,45.1,2024-11-12
C-0489,131.4,14,2024-11-06
C-0490,141.6,13.3,2024-11-01
C-0491,52,78.4,2024-10-10
C-0492,56.2,68.4,2024-12-24
C-0493,33.8,15,2024-12-23
C-0494,24.4,44.6,2024-12-13
C-0495,46.2,38.8,2024-10-06
C-0496,41,16.8,2024-12-30
C-0497,137.4,55.7,2024-11-18
C-0498,44.3,71.5,2024-11-20
C-0499,265.6,88.5,2024-12-02
C-0500,119.8,75.8,2024-12-02
C-0501,55.1,84.6,2024-11-24
C-0502,100.6,76.9,2024-10-08
C-0503,3.3,58.6,2024-11-24
C-0504,37,52.7,2024-11-16
C-0505,97,39.1,2024-11-01
C-0506,15.3,85.8,2024-12-17
C-0507,43.6,68.8,2024-11-08
C-0508,51,55.9,2024-11-20
C-0509,11.5,77.5,2024-11-11
C-0510,242,52.9,2024-11-02
C-0511,23.5,64.3,2024-11-12
C-0512,119.2,21.1,2024-11-04
C-0513,25.2,62.8,2024-11-05
C-0514,96.6,81,2024-11-12
C-0515,48.8,67.3,2024-11-04
C-0516,26.3,18.9,2024-12-10
C-0517,140.3,72.4,2024-12-05
C-0518,124.7,38,2024-12-23
C-0519,78.1,78.2,2024-12-10
C-0520,126.8,14.8,2024-11-17
C-0521,39.7,26.4,2024-11-19
C-0522,29.1,87.1,2024-10-02
C-0523,178.9,50.4,2024-12-20
C-0524,9.8,47.8,2024-10-15
C-0525,252.3,60.5,2024-10-08
C-0526,102.3,57,2024-10-19
C-0527,49.7,54.9,2024-10-10
C-0528,54.7,89.7,2024-10-09
C-0529,119.5,45.2,2024-10-13
C-0530,27.1,29.9,2024-12-21
C-0531,23.5,40.8,2024-12-07
C-0532,76.3,62.2,2024-12-01
C-0533,20,64.1,2024-12-19
C-0534,244,24,2024-10-30
C-0535,193.9,42.1,2024-12-24
C-0536,14.8,14.9,2024-11-27
C-0537,202.2,27.2,2024-11-09
C-0538,100.1,83.4,2024-10-15
C-0539,81,53.2,2024-11-29
C-0540,76,48,2024-10-28
C-0541,66.2,31.9,2024-10-17
C-0542,264.5,17.5,2024-11-13
C-0543,12.6,73.9,2024-11-22
C-0544,69.9,14.8,2024-10-07
C-0545,152.1,49.9,2024-12-03
C-0546,16,78.3,2024-11-26
C-0547,120.1,15.5,2024-10-15
C-0548,42.8,62.9,2024-11-06
C-0549,26.5,80.3,2024-11-24
C-0550,82,68.2,2024-12-11
C-0551,87.5,57.1,2024-10-06
C-0552,61.9,25,2024-12-27
C-0553,7.4,60.1,2024-12-09
C-0554,57.7,33,2024-10-28
C-0555,51.9,29.8,2024-10-13
C-0556,131.8,82.3,2024-11-07
C-0557,110.2,55.7,2024-12-20
C-0558,36.9,67.1,2024-12-18
C-0559,283.8,40.7,2024-10-14
C-0560,58.9,22.5,2024-11-29
C-0561,135.2,90.2,2024-10-22
C-0562,51.7,75.6,2024-11-22
C-0563,32.1,41.1,2024-10-26
C-0564,26.8,63.6,2024-10-28
C-0565,49.9,45.5,2024-10-02
C-0566,142.5,64.1,2024-12-28
C-0567,134.4,82.4,2024-12-04
C-0568,88.3,31.1,2024-10-23
C-0569,47,43.2,2024-11-04
C-0570,63.2,63.2,2024-12-12
C-0571,257.8,32.9,2024-10-17
C-0572,41.3,13.8,2024-10-20
C-0573,105.5,27,2024-10-14
C-0574,126.5,51.2,2024-10-03
C-0575,23.8,65.4,2024-12-09
C-0576,61.5,54.9,2024-10-06
C-0577,31.9,49.1,2024-10-16
C-0578,31.4,93.4,2024-11-28
C-0579,131.7,94.5,2024-12-04
C-0580,5.2,29.8,2024-10-03
C-0581,242.8,70.9,2024-12-09
C-0582,168.1,24.1,2024-10-04
C-0583,146.9,14.9,2024-12-18
C-0584,42.8,52,2024-10-25
C-0585,14.7,19.9,2024-12-15
C-0586,22,89.4,2024-12-23
C-0587,39,26.6,2024-12-22
C-0588,34.5,80.8,2024-12-31
C-0589,4.1,52.1,2024-12-11
C-0590,2.4,68.6,2024-12-02
C-0591,20.9,13,2024-11-13
C-0592,286.9,27.6,2024-12-28
C-0593,50,34.9,2024-10-31
C-0594,21.6,57.9,2024-11-12
C-0595,201.3,37.2,2024-10-03
C-0596,22.9,70.6,2024-10-26
C-0597,16.8,83.7,2024-10-27
C-0598,5.4,19,2024-12-14
C-0599,56,44.5,2024-10-16
C-0600,45.1,43.1,2024-11-01
C-0601,40.4,63.3,2024-12-06
C-0602,118.6,76.7,2024-12-30
C-0603,57.5,42.6,2024-12-02
C-0604,43.2,19.8,2024-11-24
C-0605,34.5,14.2,2024-11-07
C-0606,28,60.4,2024-11-09
C-0607,115.3,64.8,2024-11-28
C-0608,19.1,15,2024-12-30
C-0609,6.7,73.2,2024-11-08
C-0610,116.5,18.2,2024-11-04
C-0611,44.4,28,2024-10-13
C-0612,196.3,66.2,2024-11-06
C-0613,230.2,42,2024-10-21
C-0614,220.1,83.7,2024-11-30
C-0615,11.9,20.2,2024-10-26
C-0616,88.3,38.4,2024-11-30
C-0617,119.1,83.2,2024-11-17
C-0618,134.7,92.5,2024-12-03
C-0619,18.8,72.7,2024-11-02
C-0620,22.3,81.8,2024-10-18
C-0621,226.7,82.2,2024-11-22
C-0622,35.1,73.3,2024-11-09
C-0623,43.4,29.3,2024-12-04
C-0624,100.1,37.7,2024-11-20
C-0625,53.8,54.1,2024-12-12
C-0626,157.9,78.9,2024-10-18
C-0627,15.9,72,2024-11-02
C-0628,6.4,83.1,2024-12-16
C-0629,80,12.1,2024-11-29
C-0630,120.1,89.2,2024-11-22
C-0631,12.2,29.7,2024-12-30
C-0632,58.8,50.3,2024-11-10
C-0633,54.4,53.2,2024-10-07
C-0634,42.2,49.7,2024-10-04
C-0635,69.5,26.6,2024-10-26
C-0636,45.2,36,2024-10-09
C-0637,34.6,44.2,2024-11-09
C-0638,32.4,88.7,2024-10-09
C-0639,29.8,86.3,2024-11-15
C-0640,152,30.3,2024-12-22
C-0641,2.8,45.2,2024-10-25
C-0642,89.8,55.1,2024-11-05
C-0643,142.4,76.1,2024-12-08
C-0644,20.4,60.2,2024-11-30
C-0645,108.3,46.7,2024-12-02
C-0646,83.9,33.5,2024-12-12
C-0647,93,20.9,2024-11-22
C-0648,26.7,50.8,2024-12-15
C-0649,39.7,64.5,2024-11-09
C-0650,42.5,56.6,2024-11-08
C-0651,7,33.2,2024-11-18
C-0652,99.2,52.9,2024-12-22
C-0653,90.4,26.2,2024-12-27
C-0654,5.6,93.8,2024-10-13
C-0655,290.6,71.3,2024-12-11
C-0656,126,31.7,2024-11-06
C-0657,22,76,2024-10-14
C-0658,14,67.7,2024-12-15
C-0659,66.7,15.6,2024-11-14
C-0660,92.2,68.3,2024-10-07
C-0661,180.8,74.9,2024-12-17
C-0662,152,83.2,2024-12-07
C-0663,23.7,49.4,2024-10-27
C-0664,293.8,48.9,2024-11-28
C-0665,23.6,84,2024-10-12
C-0666,186.7,19.8,2024-11-21
C-0667,14.9,54.7,2024-11-19
C-0668,37.5,23.4,2024-12-29
C-0669,6.9,33.3,2024-11-19
C-0670,24.5,51.2,2024-12-24
C-0671,77.5,65,2024-12-18
C-0672,37.2,65.8,2024-12-15
C-0673,29.4,76.3,2024-12-15
C-0674,38.2,86.7,2024-10-21
C-0675,50.6,42.9,2024-10-23
C-0676,87.5,54,2024-10-20
C-0677,136.9,61.8,2024-11-24
C-0678,64.7,50.8,2024-12-23
C-0679,137.6,37,2024-10-14
C-0680,11.8,90,2024-12-02
C-0681,92.8,55.5,2024-11-03
C-0682,14.5,63.4,2024-11-11
C-0683,252.5,17.8,2024-10-31
C-0684,88.6,44.3,2024-12-03
C-0685,123.9,35.8,2024-11-23
C-0686,28.2,29.1,2024-11-27
C-0687,80.5,14.1,2024-12-22
C-0688,279.3,60.1,2024-11-16
C-0689,26.3,13.3,2024-10-16
C-0690,118.1,88.9,2024-11-20
C-0691,261.4,78.9,2024-11-04
C-0692,260.4,86.9,2024-12-20
C-0693,52.4,85.2,2024-12-25
C-0694,56.4,85.5,2024-10-11
C-0695,53.8,33.9,2024-12-15
C-0696,93.4,35.7,2024-12-22
C-0697,59,80.3,2024-11-18
C-0698,59.2,78.5,2024-10-29
C-0699,43.3,82,2024-11-29
C-0700,68.7,85.2,2024-10-07
C-0701,65.7,15.1,2024-10-08
C-0702,36.3,64.3,2024-11-19
C-0703,46.3,33.1,2024-10-22
C-0704,115.1,19.1,2024-12-25
C-0705,3.6,30.4,2024-10-11
C-0706,136.2,75.4,2024-10-02
C-0707,142.9,72.3,2024-10-23
C-0708,95.2,16.8,2024-11-05
C-0709,34.8,25.3,2024-10-15
C-0710,125.8,34.9,2024-11-04
C-0711,29.1,87.5,2024-12-19
C-0712,35.6,66.5,2024-10-30
C-0713,53.4,27.7,2024-10-12
C-0714,4.4,63.5,2024-11-27
C-0715,104.9,20.3,2024-12-24
C-0716,24.9,88.9,2024-12-21
C-0717,94.5,25.6,2024-11-08
C-0718,137.1,11,2024-12-22
C-0719,93.9,15.1,2024-11-24
C-0720,33.9,78.2,2024-10-21
C-0721,116.1,50.3,2024-11-13
C-0722,88.7,16.2,2024-10-23
C-0723,29.3,71.2,2024-10-09
C-0724,41.3,55.8,2024-11-03
C-0725,165.3,63.8,2024-10-30
C-0726,35.9,73.1,2024-10-25
C-0727,57.6,26.5,2024-12-28
C-0728,10.9,39.7,2024-11-04
C-0729,72.3,27.9,2024-11-18
C-0730,98.1,53.1,2024-11-01
C-0731,26.9,57,2024-10-24
C-0732,59.3,15.1,2024-10-05
C-0733,8.1,55.1,2024-10-08
C-0734,88.1,51.1,2024-12-17
C-0735,27.1,94.3,2024-12-19
C-0736,35,64,2024-12-08
C-0737,103.2,71,2024-10-05
C-0738,146.6,65.8,2024-12-19
C-0739,219.7,78.9,2024-10-10
C-0740,15,51.5,2024-12-12
C-0741,37.3,68.4,2024-12-02
C-0742,41.6,46.9,2024-11-20
C-0743,193.9,39.9,2024-10-11
C-0744,20.7,15.2,2024-11-05
C-0745,275.5,18,2024-11-02
C-0746,72.9,35.6,2024-12-14
C-0747,39,82.1,2024-11-08
C-0748,122.7,21.9,2024-12-05
C-0749,57.2,87.5,2024-11-10
C-0750,280,46.2,2024-12-15
C-0751,43.1,41.5,2024-12-18
C-0752,28.3,10.6,2024-11-16
C-0753,60.6,54,2024-12-03
C-0754,15.6,61.6,2024-10-11
C-0755,24.4,66.4,2024-11-30
C-0756,54.1,64.8,2024-12-27
C-0757,220.1,63.5,2024-11-21
C-0758,164.7,21.5,2024-10-30
C-0759,96.8,34,2024-10-20
C-0760,11.3,64,2024-11-28
C-0761,42.3,49.5,2024-11-20
C-0762,41.9,84.7,2024-11-08
C-0763,40.8,83.4,2024-12-31
C-0764,149.3,72.6,2024-10-09
C-0765,296.3,15.3,2024-10-19
C-0766,34.7,15.9,2024-10-18
C-0767,83.5,24.2,2024-12-12
C-0768,11.7,27,2024-10-10
C-0769,46.9,89.9,2024-11-15
C-0770,115.6,28.3,2024-11-06
C-0771,14.1,59.9,2024-11-27
C-0772,56.2,15.5,2024-10-20
C-0773,86,33.4,2024-10-23
C-0774,56.3,35.6,2024-11-27
C-0775,54.9,92.5,2024-10-23
C-0776,55.6,78.2,2024-10-20
C-0777,221.4,87.1,2024-11-19
C-0778,186.8,79.5,2024-12-31
C-0779,39.8,34.9,2024-10-31
C-0780,148.3,48.1,2024-11-22
C-0781,274.4,55.3,2024-11-25
C-0782,133.3,66.9,2024-10-13
C-0783,79.8,52.9,2024-12-14
C-0784,22,28.3,2024-10-21
C-0785,139.3,38.2,2024-10-21
C-0786,17.5,50.5,2024-10-08
C-0787,42.8,32.2,2024-11-18
C-0788,101.5,34.3,2024-12-31
C-0789,14.3,51,2024-10-15
C-0790,13.5,82.7,2024-10-09
C-0791,40.6,85.2,2024-11-25
C-0792,30.5,83.2,2024-11-05
C-0793,58.4,54.2,2024-11-05
C-0794,98.6,75.9,2024-10-03
C-0795,31.8,66.6,2024-11-12
C-0796,100.4,23.8,2024-10-04
C-0797,28.4,11.7,2024-10-03
C-0798,125.5,62.8,2024-11-07
C-0799,72.6,52.2,2024-11-04
C-0800,34.2,75,2024-11-20
C-0801,45.5,39.5,2024-12-22
C-0802,277.6,60.7,2024-12-06
C-0803,57.5,54.6,2024-12-26
C-0804,101.9,45.3,2024-10-09
C-0805,12.4,66.4,2024-12-27
C-0806,39.1,90.5,2024-11-01
C-0807,45.2,55.6,2024-11-12
C-0808,40,84.6,2024-12-27
C-0809,273.7,94.4,2024-12-31
C-0810,91.3,14.4,2024-12-27
C-0811,141.5,44.2,2024-10-17
C-0812,47.1,55,2024-10-18
C-0813,49.9,87.1,2024-11-03
C-0814,21.3,48.8,2024-12-28
C-0815,20.7,75.1,2024-10-10
C-0816,9.7,24.4,2024-12-26
C-0817,4.2,82.5,2024-12-19
C-0818,7.3,93.5,2024-12-25
C-0819,41.4,32.9,2024-10-11
C-0820,15.9,29.7,2024-10-03
C-0821,40.2,32.5,2024-11-19
C-0822,118.7,92.7,2024-10-11
C-0823,44.6,34.3,2024-11-03
C-0824,39.2,60.8,2024-11-30
C-0825,63.5,81.4,2024-11-08
C-0826,122.9,66.8,2024-10-02
C-0827,85.3,33.7,2024-10-16
C-0828,43.8,26.7,2024-12-09
C-0829,242.9,34.8,2024-10-05
C-0830,59.3,78.9,2024-11-05
C-0831,276.3,64.7,2024-11-26
C-0832,56.2,88.5,2024-10-22
C-0833,101.1,38.9,2024-10-18
C-0834,110.9,39.4,2024-12-15
C-0835,74.8,57.4,2024-10-28
C-0836,37.9,56.6,2024-10-10
C-0837,38.1,73.4,2024-12-15
C-0838,75.8,73.4,2024-11-14
C-0839,73.1,86.2,2024-10-10
C-0840,52.3,79.8,2024-11-25
C-0841,44.5,93.2,2024-11-24
C-0842,64.9,26.2,2024-12-26
C-0843,57.5,30.5,2024-12-08
C-0844,159.5,15.2,2024-10-09
C-0845,15.5,93.5,2024-11-03
C-0846,149.9,54.5,2024-11-14
C-0847,126.8,65.5,2024-11-26
C-0848,11.8,68.5,2024-10-20
C-0849,135.5,21.1,2024-11-03
C-0850,68.2,28.4,2024-10-26
C-0851,49,32.7,2024-10-26
C-0852,43.7,50.3,2024-12-23
C-0853,54.6,24.8,2024-12-19
C-0854,104.1,91.9,2024-10-12
C-0855,42.5,27,2024-12-08
C-0856,20.6,35.6,2024-10-22
C-0857,20.4,79.1,2024-12-27
C-0858,245.5,93.6,2024-12-24
C-0859,78.7,94.5,2024-10-08
C-0860,112.3,62.9,2024-11-28
C-0861,39.4,30.6,2024-10-12
C-0862,67.5,58.1,2024-10-03
C-0863,37.8,66.4,2024-11-03
C-0864,5.1,77.4,2024-12-21
C-0865,34.6,77.3,2024-12-21
C-0866,58.1,67.7,2024-10-10
C-0867,34.3,82.3,2024-10-22
C-0868,107.3,43.2,2024-12-04
C-0869,95.8,13.7,2024-10-03
C-0870,88.4,65.1,2024-12-25
C-0871,4.8,74.7,2024-11-17
C-0872,46.9,32.2,2024-12-23
C-0873,25.5,17.8,2024-10-12
C-0874,173.3,61.8,2024-12-14
C-0875,119.7,47.3,2024-12-29
C-0876,76.3,40.1,2024-12-09
C-0877,45.7,28.1,2024-11-24
C-0878,46.8,90.1,2024-11-30
C-0879,174.1,18.9,2024-11-03
C-0880,20.3,31.2,2024-12-31
C-0881,41.8,59,2024-10-30
C-0882,3.1,32.2,2024-10-16
C-0883,71.8,46.9,2024-12-15
C-0884,117.1,77.3,2024-12-10
C-0885,21.2,86.7,2024-11-12
C-0886,104.3,66.8,2024-11-26
C-0887,123.5,44.9,2024-11-23
C-0888,144.4,64.9,2024-10-27
C-0889,238.4,54.9,2024-10-09
C-0890,30.3,23.4,2024-11-24
C-0891,49.2,44.3,2024-10-26
C-0892,31.3,47.9,2024-10-02
C-0893,104.6,31.3,2024-10-12
C-0894,91.6,54.8,2024-11-29
C-0895,32.8,21.7,2024-11-19
C-0896,141.6,50.7,2024-10-16
C-0897,56.7,40.5,2024-12-01
C-0898,65.1,53.2,2024-10-29
C-0899,134.9,48.9,2024-12-03
C-0900,43.2,47.7,2024-11-04
C-0901,48.1,70.6,2024-11-11
C-0902,6.9,75,2024-11-06
C-0903,134.5,91.7,2024-10-09
C-0904,41.5,50.3,2024-11-12
C-0905,7,36.1,2024-12-24
C-0906,98.1,80.5,2024-10-26
C-0907,20,35.3,2024-12-16
C-0908,32.8,45.5,2024-10-10
C-0909,12.4,74.7,2024-10-06
C-0910,58.3,61.4,2024-10-13
C-0911,26.4,47.2,2024-11-29
C-0912,40.4,15.8,2024-11-12
C-0913,54.5,83.6,2024-12-23
C-0914,9.6,62.7,2024-12-01
C-0915,203.8,79.7,2024-11-23
C-0916,92.5,55.8,2024-11-10
C-0917,8,47.9,2024-12-07
C-0918,235.1,42.1,2024-12-21
C-0919,147.6,58.4,2024-11-11
C-0920,105.9,54.4,2024-10-31
C-0921,58.5,20.7,2024-11-10
C-0922,27.7,54.1,2024-11-03
C-0923,149.6,14.7,2024-10-13
C-0924,9.5,50.7,2024-12-23
C-0925,49.9,17.2,2024-10-15
C-0926,98.7,27.8,2024-11-23
C-0927,59.3,91.7,2024-11-30
C-0928,28.2,15.9,2024-10-19
C-0929,32.9,41.4,2024-12-08
C-0930,251.2,76.8,2024-10-14
C-0931,154.8,93.6,2024-11-22
C-0932,47.5,74.7,2024-10-11
C-0933,204,74.3,2024-10-14
C-0934,157.7,51.1,2024-12-24
C-0935,141,53.5,2024-10-17
C-0936,205.4,51.7,2024-12-21
C-0937,57.1,36.4,2024-12-31
C-0938,42.6,20.1,2024-12-04
C-0939,53.2,87.4,2024-11-27
C-0940,118.6,60.6,2024-10-16
C-0941,5.8,36.9,2024-12-29
C-0942,148.7,45.7,2024-12-18
C-0943,206,27.9,2024-11-15
C-0944,262.6,12.8,2024-11-14
C-0945,43.3,92,2024-11-22
C-0946,184.9,94.5,2024-12-26
C-0947,74.3,58.5,2024-12-11
C-0948,218.1,18.5,2024-11-14
C-0949,25,52.3,2024-10-13
C-0950,262.6,55.1,2024-11-28
C-0951,89,37.8,2024-10-31
C-0952,103.6,27.5,2024-12-12
C-0953,179.8,68.8,2024-11-29
C-0954,22.2,88.6,2024-11-21
C-0955,30.7,10.2,2024-10-27
C-0956,13.2,53,2024-12-30
C-0957,24.3,81.6,2024-12-21
C-0958,58.7,47.9,2024-12-24
C-0959,48.8,19.4,2024-10-27
C-0960,118.4,79.1,2024-12-16
C-0961,27.8,15.5,2024-12-03
C-0962,70.7,87,2024-12-03
C-0963,123.4,33.9,2024-12-09
C-0964,13.6,76.2,2024-11-18
C-0965,210.3,56.2,2024-12-12
C-0966,18.6,91,2024-10-18
C-0967,268.8,38.9,2024-10-22
C-0968,111.7,21.9,2024-10-31
C-0969,40.9,55.5,2024-12-29
C-0970,76.6,30.7,2024-12-13
C-0971,111.1,40.8,2024-12-14
C-0972,2.9,27.9,2024-11-07
C-0973,52.7,92,2024-11-19
C-0974,40.3,14.5,2024-10-20
C-0975,141.7,39.9,2024-10-10
C-0976,18.8,42.3,2024-10-03
C-0977,27.7,62.4,2024-10-29
C-0978,66.5,79.2,2024-11-25
C-0979,43.6,27.9,2024-11-23
C-0980,234.7,84.8,2024-11-22
C-0981,98.5,78.6,2024-12-23
C-0982,138.8,20,2024-10-26
C-0983,19.5,55.7,2024-11-13
C-0984,266.1,67,2024-10-10
C-0985,208,14.2,2024-10-30
C-0986,49.9,43.1,2024-11-25
C-0987,181,15.8,2024-10-30
C-0988,293.1,41.9,2024-11-02
C-0989,124.4,18.9,2024-10-29
C-0990,38.7,66.3,2024-10-11
C-0991,258.1,64.4,2024-12-05
C-0992,29.3,60,2024-10-11
C-0993,23.3,77,2024-11-20
C-0994,104.5,87.6,2024-12-04
C-0995,26.7,10.3,2024-10-19
C-0996,52.8,71.6,2024-11-08
C-0997,193.4,92.8,2024-11-12
C-0998,4.4,43,2024-10-06
C-0999,35.7,16.1,2024-12-27
C-1000,27.6,22.2,2024-12-19
C-1001,197.6,85.7,2024-12-28
C-1002,17.7,25.3,2024-12-26
C-1003,38.6,31.6,2024-10-28
C-1004,24.3,75.8,2024-10-07
C-1005,76,12.8,2024-12-09
C-1006,29,13.8,2024-10-25
C-1007,71.9,44.8,2024-12-17
C-1008,80.7,26.7,2024-12-24
C-1009,50.1,36.5,2024-12-22
C-1010,141.7,17,2024-11-28
C-1011,53,10.9,2024-11-09
C-1012,117.1,93.5,2024-12-30
C-1013,57.8,37.2,2024-12-01
C-1014,83.9,19.7,2024-10-15
C-1015,286,21.1,2024-11-17
C-1016,70.7,44.4,2024-12-11
C-1017,180.1,47.1,2024-10-29
C-1018,253.4,50.1,2024-11-11
C-1019,72.8,12,2024-10-31
C-1020,30.1,11.1,2024-10-04
C-1021,4.1,48.5,2024-11-28
C-1022,192.2,24.9,2024-10-05
C-1023,84.8,73,2024-10-14
C-1024,31.6,73.9,2024-10-06
C-1025,99.5,63.6,2024-12-22
C-1026,190.3,32.3,2024-12-02
C-1027,9.4,40.5,2024-12-14
C-1028,12.8,18.7,2024-11-17
C-1029,268.4,89.2,2024-11-29
C-1030,121.6,10.4,2024-12-09
C-1031,253.3,90.7,2024-11-02
C-1032,108.4,17.3,2024-10-08
C-1033,54.2,38,2024-12-25
C-1034,122.4,48.9,2024-10-09
C-1035,256.2,47.6,2024-12-08
C-1036,136.9,82,2024-11-04
C-1037,8,23.2,2024-12-16
C-1038,7.7,67.8,2024-10-10
C-1039,233.1,59,2024-11-29
C-1040,23.2,71.9,2024-12-30
C-1041,44.7,17.4,2024-11-21
C-1042,159.9,61.5,2024-11-13
C-1043,17.1,30.7,2024-11-20
C-1044,39.1,88.5,2024-10-20
C-1045,55.9,39.5,2024-10-06
C-1046,86.8,46.3,2024-11-14
C-1047,21.6,28.4,2024-12-17
C-1048,49.9,33.2,2024-11-04
C-1049,30.2,69.6,2024-12-31
C-1050,163.4,79.3,2024-12-31
C-1051,296.5,33.2,2024-12-10
C-1052,188,48.4,2024-10-04
C-1053,10.3,39.3,2024-11-04
C-1054,42.9,81.9,2024-12-25
C-1055,27.5,63.7,2024-12-20
C-1056,73.1,28.5,2024-10-10
C-1057,100.6,51.3,2024-11-22
C-1058,98.8,44.8,2024-10-27
C-1059,148.5,51.5,2024-12-06
C-1060,76.8,92,2024-10-16
C-1061,93.9,52.7,2024-10-15
C-1062,226,38.3,2024-12-16
C-1063,274.3,20.1,2024-12-22
C-1064,260.7,36.5,2024-10-22
C-1065,40.8,64.1,2024-12-29
C-1066,78.9,58.5,2024-11-20
C-1067,126.2,62.8,2024-12-29
C-1068,231.6,20.1,2024-10-29
C-1069,7.1,62.5,2024-12-09
C-1070,54.4,25,2024-10-02
C-1071,16.6,39.3,2024-11-21
C-1072,56.7,56.2,2024-11-08
C-1073,5.1,35,2024-12-26
C-1074,116.1,27.1,2024-11-24
C-1075,113.4,89.5,2024-10-02
C-1076,182.8,78.1,2024-11-06
C-1077,208.7,19.6,2024-10-08
C-1078,189.3,94.8,2024-12-31
C-1079,51.2,46,2024-10-08
C-1080,88,60.3,2024-12-11
C-1081,15.1,63.9,2024-11-28
C-1082,67.5,21.8,2024-10-14
C-1083,130.5,29.3,2024-10-26
C-1084,63.1,68.8,2024-11-11
C-1085,44,12.3,2024-10-05
C-1086,127.5,56.8,2024-10-30
C-1087,33.9,11.2,2024-10-06
C-1088,37.4,73.6,2024-10-19
C-1089,5,21.2,2024-12-24
C-1090,66.4,23.2,2024-11-02
C-1091,102,77.7,2024-11-17
C-1092,137.8,34.3,2024-12-19
C-1093,100.9,91.8,2024-11-11
C-1094,3.9,35.8,2024-12-22
C-1095,46.1,39.7,2024-11-24
C-1096,139.5,37.5,2024-10-30
C-1097,97.9,88.5,2024-12-23
C-1098,28.5,84.2,2024-11-28
C-1099,47,44.6,2024-10-04
C-1100,24.1,18.7,2024-11-02
C-1101,43.5,19.3,2024-10-21
C-1102,147.3,86.3,2024-11-30
C-1103,167.8,36.8,2024-12-15
C-1104,44.3,36.6,2024-11-19
C-1105,117.8,60.2,2024-11-17
C-1106,41.4,21,2024-10-19
C-1107,119.6,16.8,2024-12-01
C-1108,27,34,2024-10-15
C-1109,28,62.4,2024-10-26
C-1110,72.3,23.8,2024-12-20
C-1111,258.3,47.6,2024-11-19
C-1112,35.3,41.4,2024-11-02
C-1113,108.6,87.2,2024-10-17
C-1114,52,42.3,2024-11-15
C-1115,35.8,85.3,2024-10-16
C-1116,27.2,82.3,2024-10-29
C-1117,3.6,74.8,2024-11-15
C-1118,53.9,84.9,2024-10-11
C-1119,54.9,30.6,2024-10-02
C-1120,41.9,20.2,2024-12-02
C-1121,50.6,16.9,2024-12-30
C-1122,200.4,30.9,2024-10-14
C-1123,26.6,89.7,2024-12-25
C-1124,83.8,18.3,2024-10-17
C-1125,135.2,60.3,2024-10-02
C-1126,43,78.1,2024-10-12
C-1127,135.7,81.4,2024-10-19
C-1128,65.2,29.8,2024-12-11
C-1129,26.3,94.9,2024-12-09
C-1130,86.8,80,2024-12-30
C-1131,14.4,80.4,2024-12-17
C-1132,140.1,56.1,2024-12-28
C-1133,36,31.8,2024-10-07
C-1134,105.6,34.6,2024-11-22
C-1135,50.5,79.1,2024-12-19
C-1136,28.9,72.8,2024-11-21
C-1137,129.5,85.2,2024-12-28
C-1138,142.1,29,2024-10-03
C-1139,30.1,73.6,2024-12-16
C-1140,59.3,70.9,2024-11-26
C-1141,4.5,87.7,2024-11-17
C-1142,97.4,66.4,2024-11-03
C-1143,32.7,41.1,2024-11-08
C-1144,114.5,54.5,2024-10-25
C-1145,126.3,30,2024-10-10
C-1146,59,26,2024-12-06
C-1147,101.3,14.3,2024-12-08
C-1148,37.5,67.9,2024-12-03
C-1149,40,75,2024-11-22
C-1150,83.8,41.1,2024-10-16
C-1151,214.8,75,2024-11-24
C-1152,253.7,22.2,2024-12-21
C-1153,131.1,89.2,2024-12-25
C-1154,8.8,28.9,2024-12-14
C-1155,25.8,39.6,2024-12-01
C-1156,49.4,73.3,2024-11-15
C-1157,36.4,55.6,2024-11-09
C-1158,32.2,73.2,2024-12-20
C-1159,28.4,57.3,2024-10-06
C-1160,48.5,91.1,2024-10-29
C-1161,97.4,27.5,2024-12-03
C-1162,297,47.1,2024-11-12
C-1163,77.2,33.6,2024-11-19
C-1164,156.7,41.1,2024-10-24
C-1165,25.2,34.7,2024-12-03
C-1166,53.3,41.5,2024-12-19
C-1167,22.1,28.2,2024-10-14
C-1168,181.8,85.9,2024-11-07
C-1169,93.5,32.1,2024-11-24
C-1170,182.5,37.8,2024-10-18
C-1171,39.2,87.1,2024-12-08
C-1172,72.5,54.4,2024-11-14
C-1173,89.7,45.1,2024-10-10
C-1174,8.1,71.5,2024-10-14
C-1175,5.2,79.2,2024-10-20
C-1176,73,62.9,2024-12-11
C-1177,143.9,58.3,2024-12-12
C-1178,53.3,90.7,2024-12-28
C-1179,29,50.4,2024-11-08
C-1180,31,92.4,2024-11-01
C-1181,68.2,42.4,2024-10-23
C-1182,25.3,15.3,2024-12-19
C-1183,50.1,13.6,2024-12-27
C-1184,99,71.7,2024-12-31
C-1185,147.5,62.2,2024-12-21
C-1186,69.5,87.5,2024-10-28
C-1187,121.8,31.5,2024-10-16
C-1188,229,66.4,2024-11-20
C-1189,58.3,93.5,2024-11-24
C-1190,8.7,63.5,2024-10-28
C-1191,54.2,68.7,2024-12-30
C-1192,80.1,54,2024-12-09
C-1193,55.4,62,2024-12-27
C-1194,144.6,23.3,2024-10-09
C-1195,173.2,35.3,2024-11-29
C-1196,28.8,30.8,2024-12-17
C-1197,42.7,75.4,2024-12-09
C-1198,9.4,75.3,2024-11-07
C-1199,23.6,82.2,2024-11-12
C-1200,100.3,24.6,2024-12-14
C-1201,31.9,93.8,2024-11-15
C-1202,122.3,81.5,2024-12-17
C-1203,67.5,51,2024-12-19
C-1204,24.1,28,2024-11-30
C-1205,55.3,13.3,2024-11-13
C-1206,98.7,20.3,2024-12-23
C-1207,131.1,28.8,2024-12-14
C-1208,122.3,64.7,2024-10-22
C-1209,49,72.6,2024-12-20
C-1210,51.5,94.4,2024-12-18
C-1211,144.1,72.1,2024-11-25
C-1212,174.3,71.6,2024-11-22
C-1213,58.1,21.4,2024-12-11
C-1214,90.6,88.7,2024-11-18
C-1215,21.2,64.1,2024-12-16
C-1216,50.5,71.3,2024-10-02
C-1217,262.4,30.1,2024-12-01
C-1218,142.5,83.2,2024-10-11
C-1219,33.7,23.4,2024-10-25
C-1220,137.8,30.2,2024-11-15
C-1221,134.2,46.4,2024-11-22
C-1222,143.6,39.6,2024-12-24
C-1223,230.4,28.1,2024-11-26
C-1224,199.9,89.3,2024-10-08
C-1225,82.6,36.7,2024-10-08
C-1226,24.7,41.9,2024-10-05
C-1227,62.9,34.8,2024-11-25
C-1228,209.3,37,2024-12-10
C-1229,47.5,73.8,2024-11-30
C-1230,105.7,79.6,2024-12-20
C-1231,178.9,16.7,2024-10-27
C-1232,28.9,76.5,2024-10-30
C-1233,136.6,52.6,2024-11-10
C-1234,99.2,48.8,2024-11-02
C-1235,52.2,48.8,2024-11-07
C-1236,66.9,46.3,2024-11-08
C-1237,46.3,52.2,2024-10-09
C-1238,27.3,53.8,2024-11-21
C-1239,2.4,51.5,2024-10-12
C-1240,39.2,16.9,2024-10-28
C-1241,133.8,18.2,2024-12-31
C-1242,33.3,92,2024-11-05
C-1243,21.4,62.2,2024-10-27
C-1244,13.7,17.1,2024-11-24
C-1245,57.1,76.6,2024-11-18
C-1246,134.2,47.2,2024-10-12
C-1247,62.9,68.9,2024-12-09
C-1248,133.4,27.1,2024-12-30
C-1249,78,46.4,2024-11-23
C-1250,147.5,19,2024-11-19
C-1251,65.7,75.4,2024-12-23
C-1252,20.7,62.7,2024-10-04
C-1253,19.9,38.9,2024-10-10
C-1254,142.2,80.3,2024-10-14
C-1255,46.9,79.5,2024-12-01
C-1256,20.1,12.8,2024-12-06
C-1257,111.6,28.5,2024-12-27
C-1258,34.7,26.8,2024-12-25
C-1259,32.5,89.2,2024-10-27
C-1260,59.6,63.2,2024-10-13
C-1261,139.3,45.4,2024-11-13
C-1262,22.6,55.8,2024-12-14
C-1263,40.3,58.6,2024-12-13
C-1264,107.1,84.6,2024-11-28
C-1265,7.5,28.4,2024-10-20
C-1266,74.3,94.5,2024-10-12
C-1267,46.8,56.1,2024-12-23
C-1268,102.8,38.5,2024-11-10
C-1269,216.3,63.3,2024-10-21
C-1270,148,12.7,2024-10-19
C-1271,219.4,28.3,2024-12-08
C-1272,5.6,20.5,2024-11-11
C-1273,231.8,71.8,2024-12-19
C-1274,64.3,86.7,2024-12-29
C-1275,40.4,59.9,2024-10-13
C-1276,82.6,39.8,2024-11-07
C-1277,120.1,47.5,2024-10-03
C-1278,197.7,82.6,2024-10-29
C-1279,2.1,65,2024-12-11
C-1280,20,28.7,2024-10-28
C-1281,126.9,17.5,2024-10-23
C-1282,36.9,69.4,2024-12-05
C-1283,104.3,50,2024-10-30
C-1284,53.4,10.4,2024-11-28
C-1285,136.5,41.5,2024-12-22
C-1286,2.2,81.3,2024-11-14
C-1287,26.6,22.4,2024-10-30
C-1288,64.8,15.2,2024-11-29
C-1289,101.8,60.8,2024-10-14
C-1290,248.9,30.9,2024-12-06
C-1291,87.9,22.7,2024-11-04
C-1292,116.6,38.3,2024-10-11
C-1293,38.6,19.7,2024-11-13
C-1294,140.8,60.5,2024-12-24
C-1295,96.3,86.4,2024-11-10
C-1296,107.2,69.6,2024-12-22
C-1297,27,86,2024-12-04
C-1298,53.3,20,2024-12-01
C-1299,88.7,76.3,2024-10-14
C-1300,15.8,92.6,2024-11-28
C-1301,105.9,37.4,2024-11-02
C-1302,110.3,75.9,2024-12-28
C-1303,192.1,93,2024-10-04
C-1304,45.4,71.3,2024-11-14
C-1305,204.7,18.5,2024-10-30
C-1306,38.4,36.1,2024-10-06
C-1307,9.9,73.1,2024-11-08
C-1308,109.9,19.2,2024-12-01
C-1309,133.5,74.7,2024-10-29
C-1310,143.6,55,2024-10-20
C-1311,22.6,38.8,2024-12-08
C-1312,71,78.1,2024-10-09
C-1313,30.3,59.6,2024-10-31
C-1314,21.7,79.9,2024-11-09
C-1315,226.2,65.1,2024-11-03
C-1316,55.8,56.3,2024-12-14
C-1317,5.3,16.4,2024-12-25
C-1318,39.5,14.5,2024-10-25
C-1319,55.4,60.5,2024-10-23
C-1320,103.4,68.4,2024-11-29
C-1321,23.6,80.9,2024-12-31
C-1322,51.8,81.4,2024-11-19
C-1323,50.1,93.7,2024-10-27
C-1324,47.7,58.7,2024-10-18
C-1325,4.4,37.7,2024-12-21
C-1326,10,87.1,2024-10-29
C-1327,125.7,21.1,2024-10-06
C-1328,14.7,10.6,2024-12-19
C-1329,24.4,72.7,2024-10-27
C-1330,276.8,45.2,2024-10-08
C-1331,22.3,56.3,2024-11-01
C-1332,222.1,48.6,2024-10-21
C-1333,100.5,77.9,2024-11-17
C-1334,73.2,65.9,2024-11-29
C-1335,10.2,43.2,2024-11-24
C-1336,282.8,46.2,2024-10-15
C-1337,46.9,29.8,2024-11-07
C-1338,76.9,43.3,2024-11-12
C-1339,105.7,27.1,2024-12-21
C-1340,286.6,23.9,2024-11-01
C-1341,237,75.4,2024-10-31
C-1342,136.6,39,2024-10-08
C-1343,59.6,48,2024-11-26
C-1344,83.3,39,2024-10-17
C-1345,62.7,53,2024-11-28
C-1346,280.5,91.4,2024-11-22
C-1347,62,66.7,2024-10-15
C-1348,50.9,18.2,2024-11-13
C-1349,298.4,84.9,2024-12-07
C-1350,54.7,53.1,2024-10-13
C-1351,54.4,36.5,2024-12-19
C-1352,131.5,56.7,2024-12-09
C-1353,16,54.1,2024-11-13
C-1354,55.8,61.4,2024-12-29
C-1355,2.4,32.2,2024-10-06
C-1356,3.7,64.2,2024-12-01
C-1357,20.8,80.6,2024-10-09
C-1358,50.9,45.6,2024-11-28
C-1359,190.8,75.4,2024-12-19
C-1360,64.8,80,2024-10-14
C-1361,7.2,19.7,2024-11-24
C-1362,127.6,92.7,2024-10-03
C-1363,45.6,66,2024-12-07
C-1364,211.6,88.5,2024-11-14
C-1365,20.7,33,2024-11-03
C-1366,37.8,94.6,2024-10-24
C-1367,115.6,24.3,2024-11-30
C-1368,103.3,25.2,2024-11-25
C-1369,28.3,53.1,2024-10-13
C-1370,57.2,63,2024-11-18
C-1371,18.6,45.7,2024-11-06
C-1372,53.2,91.8,2024-11-20
C-1373,49.5,25.3,2024-12-14
C-1374,15,23,2024-11-28
C-1375,153.1,19.7,2024-11-21
C-1376,71.1,83.3,2024-10-22
C-1377,201.4,25.2,2024-12-08
C-1378,41.5,26.3,2024-10-20
C-1379,111.8,69.8,2024-11-16
C-1380,76.8,63.6,2024-12-08
C-1381,37.5,55.4,2024-10-16
C-1382,94,66.8,2024-10-20
C-1383,70.5,29.9,2024-10-16
C-1384,54.9,74.6,2024-11-04
C-1385,49.3,44.2,2024-10-28
C-1386,70.1,15,2024-11-16
C-1387,44.6,73.7,2024-12-29
C-1388,59.9,49.2,2024-12-26
C-1389,99,83.8,2024-12-05
C-1390,7.9,70.1,2024-12-26
C-1391,61.1,14.1,2024-11-21
C-1392,2.8,69.8,2024-10-31
C-1393,113.7,24.6,2024-11-23
C-1394,12.3,28,2024-12-30
C-1395,55.9,67.2,2024-10-25
C-1396,12.3,18.3,2024-12-10
C-1397,244.8,13.3,2024-12-31
C-1398,218.5,83.7,2024-10-05
C-1399,27.1,86.1,2024-10-29
C-1400,46.3,56.8,2024-11-14
C-1401,15.2,27,2024-11-18
C-1402,28.7,15.9,2024-11-16
C-1403,42.2,22,2024-12-06
C-1404,14,68.8,2024-11-30
C-1405,84.5,44.1,2024-10-02
C-1406,209.7,21.8,2024-10-05
C-1407,46.2,28,2024-10-16
C-1408,42.9,10,2024-11-24
C-1409,20.8,23.2,2024-11-03
C-1410,99.2,63.9,2024-10-09
C-1411,57,27.1,2024-11-23
C-1412,54,90,2024-11-12
C-1413,126.4,63.5,2024-11-12
C-1414,14,51.5,2024-12-19
C-1415,191.7,35.2,2024-10-13
C-1416,58.5,77.7,2024-10-18
C-1417,58.3,58.1,2024-12-22
C-1418,67.9,62.8,2024-12-11
C-1419,4.5,11.3,2024-10-02
C-1420,233.6,25.6,2024-11-01
C-1421,144.8,69.7,2024-10-04
C-1422,13.4,30.6,2024-12-03
C-1423,51.3,74.9,2024-11-30
C-1424,27.4,79.8,2024-11-11
C-1425,46,38,2024-11-29
C-1426,25.4,42.5,2024-11-22
C-1427,36,69.8,2024-12-25
C-1428,15.8,59.7,2024-12-21
C-1429,152.6,11.8,2024-12-31
C-1430,52.7,18.2,2024-10-19
C-1431,55.7,17.3,2024-10-17
C-1432,181.6,93.4,2024-10-09
C-1433,54.2,51,2024-12-22
C-1434,116.9,20.9,2024-10-25
C-1435,8.9,76.9,2024-11-06
C-1436,100.6,76,2024-10-15
C-1437,109.1,56.8,2024-12-16
C-1438,53.6,92.6,2024-10-27
C-1439,42.2,46.4,2024-11-10
C-1440,28.9,57.3,2024-10-27
C-1441,89.1,52.4,2024-12-26
C-1442,297.8,57.2,2024-10-26
C-1443,101.8,80.6,2024-12-02
C-1444,19.2,57.8,2024-11-23
C-1445,232.6,31,2024-12-31
C-1446,14.4,76,2024-12-22
C-1447,233.4,36.4,2024-10-10
C-1448,53.4,19,2024-10-19
C-1449,142.5,82.3,2024-10-29
C-1450,25.4,70.1,2024-11-09
C-1451,111.1,15.8,2024-12-23
C-1452,16.1,21.4,2024-10-21
C-1453,105.2,50.9,2024-10-04
C-1454,136.6,33.7,2024-11-21
C-1455,49.7,13.3,2024-12-29
C-1456,13.1,58.4,2024-10-12
C-1457,84.3,45.8,2024-12-28
C-1458,183.9,45.5,2024-10-06
C-1459,46.5,23.7,2024-10-23
C-1460,110.1,56.3,2024-12-30
C-1461,19.9,66.2,2024-12-18
C-1462,78.5,13.2,2024-10-14
C-1463,55.3,43.6,2024-10-16
C-1464,33.4,21.3,2024-12-21
C-1465,163.9,48.9,2024-10-16
C-1466,109.6,40.4,2024-10-02
C-1467,116.2,21.8,2024-12-11
C-1468,21.6,46.5,2024-11-24
C-1469,183.2,47.6,2024-12-28
C-1470,27.4,81.2,2024-11-23
C-1471,51.8,56.9,2024-10-23
C-1472,32.9,77.6,2024-12-08
C-1473,94.2,36,2024-11-22
C-1474,294.1,83.5,2024-11-24
C-1475,5.3,58.1,2024-10-19
C-1476,129.7,81.8,2024-11-11
C-1477,4.3,44.3,2024-11-21
C-1478,4,12.2,2024-10-17
C-1479,136.1,67.8,2024-11-14
C-1480,34.8,56,2024-10-21
C-1481,39.2,69.7,2024-10-07
C-1482,295.1,80.6,2024-12-02
C-1483,140.1,43,2024-12-05
C-1484,294.3,53.2,2024-10-30
C-1485,108,56.7,2024-11-23
C-1486,54.5,67.9,2024-12-20
C-1487,31.2,50.8,2024-12-01
C-1488,19.4,76.1,2024-10-08
C-1489,133.6,92.3,2024-10-07
C-1490,115,90.9,2024-10-05
C-1491,10.4,44.4,2024-11-09
C-1492,31.2,34.9,2024-10-06
C-1493,89.1,66.2,2024-11-21
C-1494,250,58.2,2024-11-02
C-1495,96,16.6,2024-11-28
C-1496,83.2,92.1,2024-11-21
C-1497,53.3,17,2024-10-28
C-1498,119.4,31.6,2024-11-19
C-1499,12.5,15.8,2024-10-08
C-1500,149,31.2,2024-10-25
C-1501,245.4,53.4,2024-11-07
C-1502,138.9,82.2,2024-11-17
C-1503,125.7,49.7,2024-12-25
C-1504,89.1,52.5,2024-11-27
C-1505,120,68.4,2024-10-18
C-1506,7.3,22.2,2024-12-08
C-1507,102.6,33.7,2024-11-24
C-1508,46.5,52.3,2024-12-22
C-1509,29.6,74.6,2024-10-27
C-1510,55.4,16.6,2024-12-05
C-1511,51.6,91.5,2024-12-01
C-1512,45.1,61.2,2024-10-23
C-1513,10.7,90.1,2024-10-14
C-1514,120.8,49.7,2024-11-04
C-1515,104.2,31.6,2024-11-23
C-1516,143.5,94.6,2024-12-05
C-1517,44.1,85.3,2024-11-07
C-1518,2.8,57.2,2024-10-28
C-1519,129,63.9,2024-11-12
C-1520,55.9,91.1,2024-10-30
C-1521,192.3,13.6,2024-10-18
C-1522,126.3,73.3,2024-11-17
C-1523,52,50.1,2024-12-31
C-1524,45.5,56.1,2024-10-19
C-1525,24.2,19.9,2024-12-20
C-1526,37.6,75.4,2024-12-07
C-1527,101.8,41,2024-12-27
C-1528,22.2,68.5,2024-12-30
C-1529,110.3,23.1,2024-12-20
C-1530,54,55.6,2024-11-02
C-1531,35.6,70.7,2024-12-30
C-1532,285.2,32.4,2024-10-27
C-1533,13,22.5,2024-12-03
C-1534,102.3,32.8,2024-12-17
C-1535,149.8,16.7,2024-12-27
C-1536,232.9,61.7,2024-10-13
C-1537,64,92.5,2024-12-03
C-1538,3.1,41.5,2024-11-03
C-1539,34,51.8,2024-11-26
C-1540,90.4,53.1,2024-12-18
C-1541,20.7,15.6,2024-11-30
C-1542,22.1,51.3,2024-11-01
C-1543,39.6,36.7,2024-11-06
C-1544,66.7,83.4,2024-12-21
C-1545,20.2,35.9,2024-10-21
C-1546,8.5,59.2,2024-10-28
C-1547,81.7,56.4,2024-11-29
C-1548,42,45.4,2024-11-18
C-1549,40.5,76.1,2024-11-10
C-1550,22.2,34.7,2024-12-21
C-1551,102.4,52.2,2024-12-14
C-1552,30.5,20.1,2024-11-25
C-1553,127.7,74.3,2024-12-18
C-1554,28.1,84.5,2024-12-02
C-1555,91.2,31.7,2024-12-21
C-1556,8.3,83.5,2024-10-18
C-1557,227.7,37.4,2024-10-26
C-1558,236.1,27.5,2024-11-19
C-1559,76.1,49.2,2024-10-15
C-1560,180.5,81.6,2024-11-17
C-1561,135.3,42,2024-10-05
C-1562,114.7,83.9,2024-10-06
C-1563,233.3,81.4,2024-11-05
C-1564,216.3,53.1,2024-11-02
C-1565,121.4,81.2,2024-10-20
C-1566,27.2,52.5,2024-11-04
C-1567,150.7,23.2,2024-12-05
C-1568,35.9,54.6,2024-12-10
C-1569,239.1,53.5,2024-10-29
C-1570,121.9,45.5,2024-10-05
C-1571,30.2,36.4,2024-12-31
C-1572,42.8,34.9,2024-10-18
C-1573,146.1,18.9,2024-10-12
C-1574,30.6,85.7,2024-12-13
C-1575,37.9,49.5,2024-12-17
C-1576,135.8,78.8,2024-12-12
C-1577,58.7,42.7,2024-11-01
C-1578,119.7,41,2024-12-21
C-1579,248.5,73.4,2024-11-17
C-1580,25.9,53.3,2024-12-29
C-1581,2.1,17.4,2024-12-02
C-1582,252,50.8,2024-12-05
C-1583,27.1,15.5,2024-12-04
C-1584,29.9,33.6,2024-12-05
C-1585,54.4,88,2024-12-25
C-1586,149.1,93.2,2024-10-26
C-1587,104.1,14.1,2024-11-12
C-1588,124.1,37,2024-12-14
C-1589,99,93.2,2024-12-14
C-1590,15.9,19.6,2024-10-09
C-1591,25.2,47.1,2024-10-13
C-1592,143,58,2024-12-05
C-1593,33.5,71.2,2024-11-16
C-1594,53,77.4,2024-12-20
C-1595,36.7,42.8,2024-12-19
C-1596,103.5,84.6,2024-12-11
C-1597,52.5,43.4,2024-12-11
C-1598,56.6,33.8,2024-10-14
C-1599,17.8,10.3,2024-10-17
C-1600,35.6,32.8,2024-10-08
C-1601,55.3,65.4,2024-10-31
C-1602,78.6,46,2024-12-31
C-1603,28,32,2024-10-22
C-1604,12,84.1,2024-12-31
C-1605,86.1,71.6,2024-10-16
C-1606,38.3,65,2024-12-13
C-1607,11.1,21.1,2024-12-10
C-1608,190.4,81.7,2024-10-19
C-1609,40.7,24.4,2024-12-02
C-1610,24.2,50.9,2024-10-30
C-1611,31.4,77.7,2024-10-19
C-1612,10.1,45.4,2024-12-26
C-1613,139.4,76.2,2024-11-14
C-1614,29.3,62.2,2024-12-18
C-1615,118.8,93.8,2024-10-23
C-1616,48.9,68.6,2024-10-06
C-1617,40.9,14.4,2024-12-20
C-1618,48.5,86.7,2024-12-17
C-1619,20.6,64.9,2024-11-08
C-1620,68.8,39.1,2024-12-17
C-1621,112.2,63,2024-11-20
C-1622,59.7,33.7,2024-12-04
C-1623,64.5,80.2,2024-11-09
C-1624,46.8,80,2024-12-21
C-1625,105,83,2024-11-04
C-1626,60.2,86.3,2024-11-15
C-1627,62.4,61.7,2024-12-27
C-1628,48.1,17.3,2024-10-17
C-1629,4.8,10.2,2024-10-09
C-1630,8.1,41.9,2024-12-29
C-1631,174.7,33.1,2024-10-24
C-1632,115.3,31.8,2024-11-29
C-1633,44.5,49.9,2024-10-02
C-1634,14.6,63.3,2024-11-02
C-1635,31,24.1,2024-11-02
C-1636,264.9,20.8,2024-11-02
C-1637,48.7,61.7,2024-11-21
C-1638,59.1,66.5,2024-12-20
C-1639,28.7,12.4,2024-11-19
C-1640,143.5,45.8,2024-10-22
C-1641,248.4,14.1,2024-11-12
C-1642,58.1,18.8,2024-10-31
C-1643,149.7,41.3,2024-11-01
C-1644,31.7,58.3,2024-11-03
C-1645,12.5,10.1,2024-10-12
C-1646,58.3,26.1,2024-12-14
C-1647,100.6,64.7,2024-12-25
C-1648,115.4,76.4,2024-10-23
C-1649,105,25.1,2024-11-18
C-1650,57.4,19.4,2024-10-02
C-1651,98.5,27.8,2024-12-05
C-1652,50.8,23.3,2024-10-03
C-1653,287,18.5,2024-10-23
C-1654,94.8,60.4,2024-11-27
C-1655,118.2,22.8,2024-11-09
C-1656,23.3,68.8,2024-10-12
C-1657,102,14,2024-12-08
C-1658,127.8,66.3,2024-10-04
C-1659,28.5,36.9,2024-11-05
C-1660,75.8,20.7,2024-12-20
C-1661,8.7,43.4,2024-11-19
C-1662,33,70.4,2024-12-29
C-1663,28.6,29.6,2024-10-16
C-1664,52.3,51.8,2024-10-16
C-1665,290.6,57.1,2024-11-29
C-1666,15.7,32.2,2024-12-22
C-1667,9,22.3,2024-10-10
C-1668,106.8,55.5,2024-10-07
C-1669,54.1,63.5,2024-12-14
C-1670,14.7,17.3,2024-10-24
C-1671,36.9,32.4,2024-11-19
C-1672,123.2,64.3,2024-12-24
C-1673,16.8,43.6,2024-10-31
C-1674,195.5,56.7,2024-10-26
C-1675,77.5,35.8,2024-11-18
C-1676,73.9,92.4,2024-11-11
C-1677,107.7,36.3,2024-11-22
C-1678,117.1,48.5,2024-10-09
C-1679,20.8,78,2024-12-15
C-1680,175.7,18.5,2024-12-15
C-1681,15.6,69.6,2024-12-12
C-1682,278.9,47.3,2024-10-25
C-1683,27.8,66.6,2024-10-30
C-1684,50.1,60.3,2024-12-13
C-1685,113.1,46.7,2024-11-12
C-1686,19.3,27.9,2024-11-27
C-1687,45.8,25.3,2024-11-14
C-1688,54.6,81.4,2024-11-21
C-1689,291.7,71.8,2024-11-02
C-1690,143.7,77.4,2024-11-12
C-1691,46.6,55.1,2024-11-22
C-1692,53.1,46.7,2024-10-09
C-1693,3.7,14.5,2024-12-31
C-1694,31.7,14,2024-10-27
C-1695,17.4,57.3,2024-10-26
C-1696,41.4,49.4,2024-12-22
C-1697,141.6,48.8,2024-10-12
C-1698,25.4,29.5,2024-11-01
C-1699,57.4,35.7,2024-11-13
C-1700,73.1,74.9,2024-10-21
C-1701,104.9,18,2024-10-26
C-1702,79.4,52,2024-10-22
C-1703,7.1,82.4,2024-12-10
C-1704,28.8,14.5,2024-12-15
C-1705,298.8,50.4,2024-12-19
C-1706,12,78.3,2024-11-28
C-1707,165.3,76.8,2024-11-27
C-1708,28.8,42.8,2024-10-12
C-1709,20.2,58.6,2024-12-15
C-1710,152.6,30.5,2024-11-26
C-1711,192.4,11.7,2024-10-27
C-1712,56.2,48.3,2024-11-08
C-1713,124,84.4,2024-11-03
C-1714,102.3,44.1,2024-11-06
C-1715,289.5,11.2,2024-10-16
C-1716,54.9,63.7,2024-12-31
C-1717,149.7,27.4,2024-10-24
C-1718,17,16.1,2024-12-24
C-1719,196,33,2024-10-07
C-1720,45.8,20.2,2024-12-21
C-1721,276.8,64.7,2024-10-04
C-1722,139.3,31.9,2024-12-12
C-1723,209.3,78.2,2024-12-10
C-1724,52.9,65.1,2024-11-05
C-1725,2.3,31,2024-10-30
C-1726,32.1,91.2,2024-11-02
C-1727,197.5,25.7,2024-10-06
C-1728,33.6,49.4,2024-12-12
C-1729,94.7,23.5,2024-10-08
C-1730,27.9,16.7,2024-12-23
C-1731,19.1,41.3,2024-11-08
C-1732,34.7,76.8,2024-12-16
C-1733,50.6,93.1,2024-12-03
C-1734,80.2,50.8,2024-11-21
C-1735,260,90.2,2024-12-07
C-1736,87.8,41.4,2024-11-27
C-1737,185.3,41,2024-12-02
C-1738,100.9,87.1,2024-10-03
C-1739,26.3,33.5,2024-11-03
C-1740,146.9,87.6,2024-10-23
C-1741,130.1,33.2,2024-10-17
C-1742,27.5,37.4,2024-12-02
C-1743,85.4,82.6,2024-12-15
C-1744,276.6,23.4,2024-12-10
C-1745,225.3,34.4,2024-11-12
C-1746,80.5,19.3,2024-11-09
C-1747,276.6,86.2,2024-10-14
C-1748,97.4,18,2024-11-10
C-1749,3.1,74.3,2024-10-23
C-1750,15.7,94.3,2024-11-09
C-1751,14.1,25.8,2024-10-27
C-1752,53.6,84.3,2024-10-08
C-1753,278.4,61,2024-11-24
C-1754,23.1,57.4,2024-10-20
C-1755,168.1,92.8,2024-12-07
C-1756,136.7,87.5,2024-10-26
C-1757,6.8,86.4,2024-11-21
C-1758,112.2,61.7,2024-11-21
C-1759,218.1,25.6,2024-12-28
C-1760,26.1,56,2024-12-12
C-1761,14,92.6,2024-12-10
C-1762,47.7,85.4,2024-10-25
C-1763,37.7,57.3,2024-12-23
C-1764,65.5,38.6,2024-12-26
C-1765,223.5,89.5,2024-12-25
C-1766,41.4,50.2,2024-12-25
C-1767,53.4,91.5,2024-11-14
C-1768,52.1,48.5,2024-10-23
C-1769,68.8,54.2,2024-11-05
C-1770,82.8,11.1,2024-11-03
C-1771,17.9,28.5,2024-11-25
C-1772,6.6,40.8,2024-12-29
C-1773,12.4,55.7,2024-11-10
C-1774,70.5,75.7,2024-12-07
C-1775,145.3,10.5,2024-12-02
C-1776,74.9,84.8,2024-10-23
C-1777,36.3,18.8,2024-11-08
C-1778,85.7,26.5,2024-10-17
C-1779,74.5,63,2024-12-22
C-1780,125.7,26.5,2024-12-21
C-1781,136.4,12,2024-10-26
C-1782,122.9,34.1,2024-12-10
C-1783,26.7,50.2,2024-12-21
C-1784,206,16.9,2024-11-14
C-1785,71.7,45.9,2024-11-09
C-1786,51,38,2024-10-27
C-1787,39.7,82.3,2024-10-19
C-1788,284.3,46.5,2024-12-05
C-1789,55.4,89.3,2024-12-26
C-1790,21.7,80.1,2024-11-22
C-1791,42.3,39.4,2024-10-15
C-1792,289.2,27.2,2024-10-18
C-1793,35.1,34.5,2024-12-04
C-1794,25.8,49.2,2024-11-22
C-1795,8.8,10.8,2024-12-19
C-1796,174.7,18.8,2024-11-25
C-1797,124.5,33.8,2024-10-04
C-1798,79,91,2024-11-05
C-1799,244.5,28.3,2024-11-15
C-1800,48.6,32.3,2024-12-15
C-1801,35.2,33.1,2024-12-24
C-1802,75.1,22.6,2024-12-31
C-1803,28.2,81.2,2024-12-29
C-1804,151.8,61.7,2024-12-13
C-1805,65.1,70.1,2024-12-13
C-1806,73.7,11.5,2024-10-29
C-1807,94.5,49.6,2024-11-13
C-1808,145.2,90.5,2024-12-21
C-1809,32.2,68.4,2024-11-11
C-1810,165,28.4,2024-12-12
C-1811,14.2,86.6,2024-12-02
C-1812,244.7,31.2,2024-10-15
C-1813,103,18.9,2024-12-16
C-1814,5.1,59.9,2024-11-29
C-1815,82.5,52.8,2024-11-14
C-1816,32.3,38.5,2024-11-24
C-1817,39,21.1,2024-11-05
C-1818,146.3,91.7,2024-12-09
C-1819,121.9,72.1,2024-10-07
C-1820,57.7,54,2024-11-13
C-1821,232.8,63.7,2024-11-02
C-1822,184.1,22.1,2024-11-16
C-1823,136.3,84.8,2024-12-03
C-1824,141,66.9,2024-10-11
C-1825,101.1,36.6,2024-11-11
C-1826,4.5,78.6,2024-10-21
C-1827,92.1,15.5,2024-10-28
C-1828,153.7,64.5,2024-11-10
C-1829,58.7,44.3,2024-11-08
C-1830,47.7,61.4,2024-10-02
C-1831,43,90,2024-11-30
C-1832,15.9,78.6,2024-11-23
C-1833,288.8,94.5,2024-11-05
C-1834,125.7,54.6,2024-11-03
C-1835,108.7,88.4,2024-10-13
C-1836,27.7,59.3,2024-11-29
C-1837,51.6,31.6,2024-12-17
C-1838,25.7,26.1,2024-11-19
C-1839,126.4,75,2024-11-17
C-1840,113.6,68.3,2024-12-19
C-1841,96.8,31.6,2024-11-17
C-1842,5.8,82.3,2024-12-30
C-1843,41.6,31.8,2024-11-05
C-1844,17,20.7,2024-10-26
C-1845,137.2,23.7,2024-12-03
C-1846,148.9,10.6,2024-10-26
C-1847,53.1,71.9,2024-12-11
C-1848,58.4,11,2024-12-04
C-1849,186.2,27.9,2024-11-14
C-1850,152.8,26.9,2024-11-08
C-1851,38.1,62.4,2024-10-23
C-1852,20.3,31,2024-10-16
C-1853,40.3,17.5,2024-12-18
C-1854,37,38.8,2024-11-13
C-1855,114.8,19.7,2024-12-27
C-1856,282.1,51,2024-10-16
C-1857,56.3,24,2024-12-03
C-1858,40,81.9,2024-10-30
C-1859,107.1,17.1,2024-10-20
C-1860,171.4,81.7,2024-10-27
C-1861,15,91.2,2024-10-11
C-1862,6.7,68.5,2024-11-04
C-1863,45.9,48.9,2024-12-19
C-1864,200.7,17,2024-10-05
C-1865,57.2,39.8,2024-12-22
C-1866,224.6,63.8,2024-12-16
C-1867,19.2,93.8,2024-10-25
C-1868,104.7,12.5,2024-12-25
C-1869,8.8,36.5,2024-11-29
C-1870,22.8,58.9,2024-12-09
C-1871,27.4,32.8,2024-10-18
C-1872,50.2,33,2024-12-03
C-1873,38.1,55.7,2024-11-25
C-1874,35,39.8,2024-10-29
C-1875,112.6,42.4,2024-11-30
C-1876,100.7,52.3,2024-11-23
C-1877,35.3,58.7,2024-10-27
C-1878,124.8,38.8,2024-11-03
C-1879,21.5,62.1,2024-12-02
C-1880,232.9,76.7,2024-12-17
C-1881,266.9,83.5,2024-11-04
C-1882,90,11.8,2024-11-10
C-1883,20.4,28.8,2024-12-05
C-1884,38.6,85.2,2024-12-24
C-1885,12.8,35.7,2024-10-20
C-1886,243,58.4,2024-10-29
C-1887,36.2,21,2024-12-28
C-1888,43.4,85.6,2024-11-01
C-1889,184.6,84.2,2024-10-18
C-1890,7.1,11.2,2024-10-05
C-1891,241.7,90.3,2024-12-23
C-1892,53.3,17.4,2024-10-24
C-1893,40.4,77.9,2024-12-10
C-1894,64.6,94.1,2024-10-10
C-1895,248.4,16.4,2024-10-31
C-1896,174.4,54.1,2024-12-20
C-1897,56.5,22.9,2024-10-30
C-1898,187.2,73.6,2024-12-12
C-1899,68.6,60.8,2024-12-30
C-1900,140.7,92.4,2024-12-28
C-1901,201.7,27.3,2024-11-13
C-1902,47.5,80.9,2024-12-20
C-1903,132.9,24.5,2024-11-15
C-1904,230.6,71.8,2024-11-17
C-1905,34.3,86.2,2024-12-12
C-1906,49.8,45.6,2024-11-14
C-1907,81.7,87.7,2024-12-25
C-1908,49.7,88.9,2024-12-03
C-1909,108.2,56.9,2024-12-09
C-1910,127.3,56.1,2024-11-19
C-1911,5.1,89.8,2024-12-10
C-1912,50.7,78.7,2024-10-18
C-1913,106.4,72,2024-10-12
C-1914,270,66.5,2024-10-22
C-1915,131.1,20.7,2024-11-15
C-1916,145.5,75.8,2024-12-06
C-1917,145.3,38.6,2024-10-08
C-1918,43,91.1,2024-11-04
C-1919,131.3,26.1,2024-10-16
C-1920,114.8,89,2024-12-29
C-1921,65,57.7,2024-12-17
C-1922,67.9,65.3,2024-10-14
C-1923,123.5,31.7,2024-10-10
C-1924,33.3,29.4,2024-10-11
C-1925,89,41.6,2024-10-02
C-1926,56.4,70.1,2024-11-06
C-1927,19.2,71.4,2024-11-25
C-1928,246.7,62.5,2024-12-31
C-1929,51.4,79.1,2024-12-02
C-1930,93.1,80.5,2024-10-26
C-1931,17.3,22.1,2024-12-02
C-1932,67.6,35.5,2024-11-17
C-1933,113.1,72.9,2024-12-02
C-1934,293.1,11.8,2024-12-02
C-1935,143.2,59.4,2024-10-05
C-1936,9.1,29,2024-11-24
C-1937,207.9,47.7,2024-12-05
C-1938,202.4,84.5,2024-10-31
C-1939,23.3,24.1,2024-12-16
C-1940,49.4,31.5,2024-11-01
C-1941,114.8,52.3,2024-10-24
C-1942,270.9,92.4,2024-12-02
C-1943,52,37.4,2024-12-07
C-1944,294.5,19.4,2024-11-04
C-1945,157.2,21.6,2024-10-03
C-1946,78.2,65.9,2024-11-14
C-1947,22.3,84,2024-11-01
C-1948,95.2,43.5,2024-10-29
C-1949,53.5,88.5,2024-12-04
C-1950,30.8,32.5,2024-10-15
C-1951,32.2,13.9,2024-11-26
C-1952,203.3,43.2,2024-10-16
C-1953,33.7,34.7,2024-12-14
C-1954,282.5,15.2,2024-11-06
C-1955,44.7,65.2,2024-11-17
C-1956,46.5,29.2,2024-11-05
C-1957,71.8,30.8,2024-10-08
C-1958,12,64.4,2024-11-01
C-1959,44.1,52.8,2024-10-22
C-1960,27.4,72.9,2024-12-25
C-1961,137,39.2,2024-12-27
C-1962,97,82.5,2024-10-09
C-1963,286.3,47.8,2024-10-20
C-1964,30.4,29.6,2024-11-12
C-1965,2.6,65.3,2024-12-17
C-1966,139.1,64.9,2024-10-10
C-1967,114.4,67.8,2024-10-26
C-1968,34,21.1,2024-12-13
C-1969,26,50.2,2024-10-21
C-1970,19.3,56.3,2024-12-06
C-1971,194.5,25.9,2024-10-16
C-1972,53.1,47.8,2024-10-20
C-1973,125.6,35.5,2024-12-25
C-1974,196.8,49,2024-11-01
C-1975,172.5,71.7,2024-12-28
C-1976,43.3,12.1,2024-10-04
C-1977,12.5,61.2,2024-12-10
C-1978,134.7,24.4,2024-10-10
C-1979,22.2,69,2024-11-05
C-1980,142.2,80.4,2024-11-09
C-1981,292.1,71.7,2024-11-25
C-1982,23.2,59.1,2024-11-04
C-1983,235.5,56.9,2024-12-03
C-1984,15,31.6,2024-11-12
C-1985,10.2,77.7,2024-10-13
C-1986,110,28,2024-12-08
C-1987,47.5,29.7,2024-12-28
C-1988,243.7,72,2024-10-11
C-1989,282.9,86,2024-11-15
C-1990,171.5,62.3,2024-12-10
C-1991,136.7,24.4,2024-12-21
C-1992,94.4,22.7,2024-10-19
C-1993,62.1,64.1,2024-10-02
C-1994,162.2,27.9,2024-11-11
C-1995,43.7,87.6,2024-11-21
C-1996,61.2,22.3,2024-12-05
C-1997,31.8,52.2,2024-12-07
C-1998,94.6,62.3,2024-10-24
C-1999,133.7,50.2,2024-12-06
C-2000,294.2,21.3,2024-11-09
C-2001,224.2,74.6,2024-12-21
C-2002,203.3,27.9,2024-12-17
C-2003,41.9,56.8,2024-10-12
C-2004,66.2,37.5,2024-10-23
C-2005,264.8,58.8,2024-12-01
C-2006,100.8,83.6,2024-11-26
C-2007,141.4,14.1,2024-12-18
C-2008,13.3,91.2,2024-11-19
C-2009,80.4,39.4,2024-10-18
C-2010,42.4,63.7,2024-12-13
C-2011,17.1,35.8,2024-11-07
C-2012,50.7,35.6,2024-11-22
C-2013,3.1,43.1,2024-12-31
C-2014,21.9,89.9,2024-10-11
C-2015,208.7,77,2024-11-25
C-2016,59.6,86.5,2024-12-06
C-2017,16.6,87.5,2024-10-24
C-2018,49.3,42.5,2024-12-12
C-2019,134.9,68.5,2024-12-27
C-2020,226.4,69.3,2024-10-13
C-2021,109.7,33.8,2024-12-28
C-2022,25.8,46.7,2024-10-07
C-2023,52.2,70.6,2024-10-15
C-2024,6.2,68.2,2024-11-10
C-2025,142.7,71.3,2024-10-13
C-2026,7.5,92.2,2024-12-12
C-2027,27.7,47,2024-11-23
C-2028,23.8,16,2024-12-24
C-2029,28.9,85.9,2024-11-16
C-2030,56.9,42.3,2024-10-29
C-2031,114.2,53.3,2024-12-09
C-2032,115.7,46.3,2024-12-11
C-2033,200.1,66,2024-10-18
C-2034,65.1,71.5,2024-12-27
C-2035,175.8,54.3,2024-11-13
C-2036,207.2,76.7,2024-11-21
C-2037,44.3,45.8,2024-11-02
C-2038,271.2,66.4,2024-11-13
C-2039,47.1,55.9,2024-11-12
C-2040,295.5,40.5,2024-12-03
C-2041,59.8,80.4,2024-12-29
C-2042,61,64.5,2024-10-18
C-2043,11,80.3,2024-12-10
C-2044,40.9,61.8,2024-10-25
C-2045,96.6,80.3,2024-10-22
C-2046,124.4,36.9,2024-12-03
C-2047,166.6,29.4,2024-11-24
C-2048,250.3,72.2,2024-12-18
C-2049,69.8,41.5,2024-11-07
C-2050,143.5,82.5,2024-10-12
C-2051,36.7,90.3,2024-12-06
C-2052,260,19,2024-11-14
C-2053,124.4,57.8,2024-12-03
C-2054,272.7,94.9,2024-12-06
C-2055,103.6,16.8,2024-12-21
C-2056,268.2,28.3,2024-11-11
C-2057,88,41.2,2024-11-24
C-2058,106.7,59.4,2024-10-11
C-2059,171.4,90.8,2024-11-26
C-2060,52.2,62.3,2024-10-31
C-2061,125.3,42.2,2024-10-30
C-2062,175,74.1,2024-12-26
C-2063,68.2,59.7,2024-11-02
C-2064,237.1,68.3,2024-12-21
C-2065,103.2,39.5,2024-10-22
C-2066,53.3,83.3,2024-10-13
C-2067,24.3,71.3,2024-10-10
C-2068,40.2,27.9,2024-12-13
C-2069,84.9,80.9,2024-11-08
C-2070,34.4,61.9,2024-12-16
C-2071,31.4,78.6,2024-10-06
C-2072,49.2,69.7,2024-12-12
C-2073,3.2,12.1,2024-12-01
C-2074,110.4,10.5,2024-11-28
C-2075,60.4,77.8,2024-11-14
C-2076,14.9,59.6,2024-10-13
C-2077,30.7,21.4,2024-11-11
C-2078,219.7,38.2,2024-12-17
C-2079,55.2,17.4,2024-12-08
C-2080,34.6,15.2,2024-12-11
C-2081,152.8,25.8,2024-12-11
C-2082,27.1,78.4,2024-12-11
C-2083,116.5,88.7,2024-11-17
C-2084,24.3,79.6,2024-12-23
C-2085,35.4,25,2024-12-17
C-2086,12.1,64.3,2024-12-17
C-2087,87.4,47.6,2024-12-12
C-2088,236.7,40.9,2024-10-18
C-2089,116.5,61.1,2024-10-02
C-2090,135.5,71.9,2024-12-21
C-2091,7.4,25.4,2024-12-25
C-2092,3,11.1,2024-12-08
C-2093,125,81.7,2024-11-30
C-2094,255.5,29.6,2024-12-13
C-2095,278.6,35.7,2024-10-28
C-2096,284.6,72.8,2024-11-25
C-2097,67.9,30.9,2024-12-07
C-2098,212.2,55.7,2024-10-03
C-2099,16.8,41.7,2024-11-19
C-2100,149.6,66.5,2024-10-24
C-2101,57.4,69.3,2024-10-05
C-2102,177.9,20.1,2024-11-06
C-2103,43.6,82,2024-11-07
C-2104,149.8,59.4,2024-12-20
C-2105,218.7,34.4,2024-10-14
C-2106,23.9,84.2,2024-12-28
C-2107,29.8,76.5,2024-12-11
C-2108,48.3,70.8,2024-10-30
C-2109,213.5,27.3,2024-12-05
C-2110,293.9,30,2024-12-23
C-2111,153.8,39.8,2024-11-08
C-2112,168.4,74.6,2024-12-02
C-2113,129.9,71.6,2024-11-21
C-2114,11.4,11.6,2024-11-27
C-2115,129.6,45.5,2024-12-12
C-2116,57,16.2,2024-12-09
C-2117,24.7,78.9,2024-10-12
C-2118,80.8,16.5,2024-12-23
C-2119,45.8,67.6,2024-10-04
C-2120,29.8,13.9,2024-10-30
C-2121,165,15.4,2024-12-08
C-2122,49.9,80.2,2024-12-08
C-2123,214.4,20,2024-10-24
C-2124,71.5,39.9,2024-11-28
C-2125,147,13,2024-11-03
C-2126,231.5,32.2,2024-11-26
C-2127,51.2,31.1,2024-12-26
C-2128,39.7,94.8,2024-11-15
C-2129,48.8,60.4,2024-12-31
C-2130,7.9,72.4,2024-12-19
C-2131,59.3,75.2,2024-10-11
C-2132,143.4,83.1,2024-11-28
C-2133,46.3,42.9,2024-10-14
C-2134,279.5,23.1,2024-10-15
C-2135,23.5,14.8,2024-10-27
C-2136,40.9,83,2024-10-03
C-2137,18.9,93.6,2024-12-14
C-2138,27,71,2024-12-10
C-2139,19.4,24.8,2024-10-26
C-2140,165.8,50.3,2024-12-17
C-2141,49.4,18.5,2024-11-12
C-2142,45.2,87.2,2024-11-20
C-2143,135.1,33,2024-11-30
C-2144,148,35,2024-12-27
C-2145,236.6,14.2,2024-10-18
C-2146,20.9,91.4,2024-11-07
C-2147,54,92.4,2024-11-17
C-2148,271.6,57,2024-10-22
C-2149,3.7,40.8,2024-10-11
C-2150,110.1,46.4,2024-11-13
C-2151,19.3,54.2,2024-11-12
C-2152,155.7,87.5,2024-11-22
C-2153,290.8,13.4,2024-11-18
C-2154,296.9,16.3,2024-10-05
C-2155,30.4,88.9,2024-12-27
C-2156,192.8,56.9,2024-12-30
C-2157,142,37.2,2024-12-03
C-2158,34.1,14.6,2024-12-06
C-2159,214.1,84.4,2024-10-17
C-2160,49.5,75.5,2024-10-26
C-2161,58.8,19.5,2024-11-13
C-2162,176.9,68.6,2024-11-16
C-2163,140.3,35.6,2024-11-08
C-2164,53.4,17.4,2024-12-25
C-2165,20.7,50.5,2024-11-10
C-2166,118,10.6,2024-11-05
C-2167,16.9,56.5,2024-10-13
C-2168,94.2,78.3,2024-11-02
C-2169,23.5,56.2,2024-11-23
C-2170,146.5,94.6,2024-11-29
C-2171,57.3,57.3,2024-12-06
C-2172,40.8,63.4,2024-10-11
C-2173,97.3,36.1,2024-12-31
C-2174,180.3,28.9,2024-10-02
C-2175,100,33.6,2024-11-12
C-2176,34.9,18.4,2024-12-22
C-2177,65.6,89.7,2024-12-11
C-2178,105.4,29.7,2024-11-14
C-2179,54.4,40.7,2024-12-05
C-2180,105,33.6,2024-10-31
C-2181,27.4,70.2,2024-11-14
C-2182,28.7,69.3,2024-10-28
C-2183,29.6,89.2,2024-11-19
C-2184,88.5,46.9,2024-10-31
C-2185,81.4,77.9,2024-12-06
C-2186,269.7,56.5,2024-11-19
C-2187,2.8,33.2,2024-12-29
C-2188,37.7,56.1,2024-11-19
C-2189,51.1,49,2024-11-19
C-2190,270.3,50.1,2024-11-06
C-2191,58,22.4,2024-11-02
C-2192,6.8,89.9,2024-10-27
C-2193,41.3,93.7,2024-12-06
C-2194,136.4,48.5,2024-10-08
C-2195,148.4,74.7,2024-12-08
C-2196,64.7,92.1,2024-11-02
C-2197,41.9,85.2,2024-12-09
C-2198,61.1,19.8,2024-11-02
C-2199,74.9,22.8,2024-12-06
C-2200,99.8,21,2024-12-26
C-2201,284.5,28.2,2024-12-01
C-2202,143.3,27.3,2024-10-21
C-2203,35.6,51.5,2024-12-14
C-2204,56.9,48.4,2024-12-27
C-2205,11.8,59.2,2024-12-31
C-2206,125,93.7,2024-11-30
C-2207,53.9,50.1,2024-12-27
C-2208,39.1,77.4,2024-12-18
C-2209,28.5,79.9,2024-12-26
C-2210,30.7,68.3,2024-10-26
C-2211,247.4,65.7,2024-10-23
C-2212,133.7,44.6,2024-12-20
C-2213,19.3,92.3,2024-11-06
C-2214,7.8,69.8,2024-10-22
C-2215,35.9,61.9,2024-11-09
C-2216,24,76.6,2024-12-27
C-2217,19.2,77.8,2024-11-25
C-2218,56,87.1,2024-10-30
C-2219,61.9,43.1,2024-12-05
C-2220,106.7,27,2024-10-12
C-2221,46.9,92.1,2024-11-22
C-2222,51.2,24.7,2024-12-03
C-2223,35,80.6,2024-10-04
C-2224,175.2,58.6,2024-11-28
C-2225,23.1,44.7,2024-12-04
C-2226,25.8,30.5,2024-11-16
C-2227,72.6,45.6,2024-10-08
C-2228,104.9,53.4,2024-10-18
C-2229,42.7,27,2024-10-06
C-2230,21.7,58.6,2024-11-21
C-2231,13.1,16.4,2024-11-10
C-2232,65.9,59,2024-12-27
C-2233,30.9,92.3,2024-12-24
C-2234,26.9,13.2,2024-12-09
C-2235,142.6,22.3,2024-11-15
C-2236,42.5,16,2024-12-17
C-2237,71.6,50,2024-12-05
C-2238,25,32.7,2024-11-01
C-2239,148.3,84.3,2024-11-24
C-2240,2.8,41.9,2024-11-17
C-2241,45.8,22.9,2024-12-22
C-2242,127.7,91.6,2024-12-09
C-2243,2.1,45.6,2024-10-03
C-2244,283.5,28.7,2024-11-07
C-2245,50.6,90.9,2024-12-23
C-2246,23.3,38.6,2024-11-28
C-2247,45.8,75.2,2024-10-14
C-2248,170.3,58.1,2024-11-12
C-2249,116.3,68.6,2024-11-30
C-2250,12.5,26.7,2024-10-15
C-2251,45.2,87.4,2024-11-17
C-2252,188.8,33.9,2024-11-02
C-2253,56.2,82,2024-11-27
C-2254,14.5,31.1,2024-10-07
C-2255,39.2,61,2024-11-01
C-2256,41.4,83.1,2024-10-09
C-2257,199.4,84.5,2024-10-12
C-2258,59.3,49.2,2024-10-20
C-2259,127.7,43.9,2024-10-06
C-2260,4.5,77.8,2024-10-03
C-2261,39.7,53.5,2024-10-05
C-2262,39.1,81.9,2024-11-15
C-2263,79,64.1,2024-11-22
C-2264,147.9,82.4,2024-11-01
C-2265,105.3,40.8,2024-10-27
C-2266,59.1,20.2,2024-10-14
C-2267,264.4,91.5,2024-10-03
C-2268,15.5,60.6,2024-11-16
C-2269,102,34.1,2024-11-21
C-2270,28.2,81.4,2024-12-08
C-2271,213,83.5,2024-11-03
C-2272,27.5,92.9,2024-11-16
C-2273,73.8,84.4,2024-10-11
C-2274,26.6,28.1,2024-11-30
C-2275,8.8,38.4,2024-12-29
C-2276,20.9,53.1,2024-11-12
C-2277,19.1,74.8,2024-10-25
C-2278,40.9,47.8,2024-12-30
C-2279,145.5,66.1,2024-10-11
C-2280,261.4,63.2,2024-11-28
C-2281,63.5,57,2024-12-02
C-2282,242.1,62.7,2024-11-16
C-2283,63.7,58,2024-10-05
C-2284,166.9,84.3,2024-11-12
C-2285,3.6,17.5,2024-12-09
C-2286,120.1,62.7,2024-12-06
C-2287,234.7,46.8,2024-10-07
C-2288,30.3,80,2024-12-14
C-2289,14.7,50.1,2024-10-09
C-2290,146,37.6,2024-10-27
C-2291,172.9,60.1,2024-10-20
C-2292,58.8,31.7,2024-12-31
C-2293,36.6,72.5,2024-12-02
C-2294,127.1,65.6,2024-10-21
C-2295,204,12.7,2024-10-23
C-2296,34.4,49,2024-11-26
C-2297,151.5,17.6,2024-10-20
C-2298,221.6,44.2,2024-12-22
C-2299,2.6,10.6,2024-10-10
C-2300,12.4,37.7,2024-10-18
C-2301,189.6,71.3,2024-12-06
C-2302,295.2,30.1,2024-11-04
C-2303,98.3,93.6,2024-10-18
C-2304,101.3,13.3,2024-10-29
C-2305,125.6,55.6,2024-12-18
C-2306,263.8,12.7,2024-11-21
C-2307,67.9,87.3,2024-10-17
C-2308,24.2,76.7,2024-10-22
C-2309,57.1,19.9,2024-12-17
C-2310,274.2,63.6,2024-10-31
C-2311,90.5,34.7,2024-10-12
C-2312,141.9,93.6,2024-10-13
C-2313,58.7,50.7,2024-12-05
C-2314,18.4,24.3,2024-11-22
C-2315,231.2,75.3,2024-12-19
C-2316,50.5,32.6,2024-12-17
C-2317,133.4,12.2,2024-11-08
C-2318,26.8,52.7,2024-12-13
C-2319,77.8,22.4,2024-10-16
C-2320,47.6,17.6,2024-12-27
C-2321,57.9,39.8,2024-10-29
C-2322,20.6,17.9,2024-10-27
C-2323,124,85,2024-11-06
C-2324,9.8,57.1,2024-12-05
C-2325,57.7,84.7,2024-10-10
C-2326,52.1,10.6,2024-10-24
C-2327,56.9,13,2024-10-19
C-2328,43.5,69.2,2024-11-20
C-2329,188.4,50.8,2024-12-24
C-2330,28.5,74.4,2024-12-19
C-2331,11,30.4,2024-10-23
C-2332,126.2,60.1,2024-11-02
C-2333,141.2,64.7,2024-10-22
C-2334,17.8,26.4,2024-11-28
C-2335,31.7,72.2,2024-12-12
C-2336,92.3,94.8,2024-11-28
C-2337,76.1,30,2024-10-09
C-2338,9.2,51.9,2024-10-03
C-2339,142.9,71.7,2024-12-12
C-2340,106.1,53.1,2024-12-03
C-2341,207.6,57.8,2024-12-29
C-2342,214.3,72.2,2024-10-23
C-2343,276.7,25.2,2024-11-14
C-2344,57.2,47,2024-11-03
C-2345,11.2,65.8,2024-11-27
C-2346,81.3,59,2024-11-14
C-2347,195.7,17.7,2024-11-12
C-2348,218.3,38.5,2024-11-16
C-2349,52,55.8,2024-11-18
C-2350,42.4,26.2,2024-11-17
C-2351,128.2,44.7,2024-10-02
C-2352,5.4,78.1,2024-11-01
C-2353,11.7,80.2,2024-10-17
C-2354,53.5,76.4,2024-12-29
C-2355,31.8,55.4,2024-12-23
C-2356,57.2,65.4,2024-10-16
C-2357,288,76.8,2024-11-07
C-2358,252.4,28.3,2024-12-31
C-2359,58.5,27.6,2024-12-02
C-2360,155.6,18.2,2024-12-01
C-2361,21.2,81.8,2024-11-13
C-2362,38.4,49.9,2024-11-08
C-2363,32.1,84.4,2024-11-01
C-2364,18.4,78.9,2024-11-29
C-2365,211.7,75.8,2024-10-17
C-2366,48.5,77.6,2024-11-06
C-2367,33.2,37,2024-11-01
C-2368,78.1,32.5,2024-10-16
C-2369,36.6,46,2024-10-05
C-2370,27.5,68.1,2024-11-04
C-2371,57.7,86.8,2024-12-04
C-2372,9.4,48.9,2024-11-18
C-2373,48.7,59,2024-11-03
C-2374,146.3,58.6,2024-10-29
C-2375,30.6,60.8,2024-10-05
C-2376,297,30.7,2024-12-30
C-2377,37.4,70.8,2024-11-28
C-2378,44.2,22.3,2024-12-29
C-2379,57.4,81.6,2024-11-14
C-2380,35.1,29.1,2024-10-08
C-2381,175.8,15.1,2024-11-30
C-2382,121.7,61.6,2024-11-21
C-2383,284.9,89.5,2024-10-30
C-2384,4.8,10.5,2024-12-12
C-2385,47.3,49.4,2024-12-24
C-2386,50,37.8,2024-11-05
C-2387,226.9,21.3,2024-11-23
C-2388,33.1,41.5,2024-12-24
C-2389,32.8,92.3,2024-10-27
C-2390,35.5,16.6,2024-11-30
C-2391,35.5,88.7,2024-10-28
C-2392,112.7,43.4,2024-12-25
C-2393,20,52.7,2024-10-08
C-2394,260.2,62.6,2024-10-04
C-2395,83.1,11.8,2024-10-16
C-2396,102.3,79.2,2024-12-25
C-2397,275.5,54.4,2024-11-09
C-2398,204,63.7,2024-12-07
C-2399,37,14.4,2024-11-13
C-2400,129.3,49.4,2024-11-27
C-2401,13.7,36.3,2024-12-26
C-2402,57.9,80.3,2024-12-24
C-2403,2.8,73.8,2024-11-12
C-2404,36.9,77.8,2024-10-26
C-2405,90.6,56.7,2024-11-01
C-2406,129.6,59.4,2024-11-10
C-2407,186.1,11.8,2024-11-08
C-2408,42.9,52.8,2024-12-26
C-2409,5,78.7,2024-11-16
C-2410,201.4,90.2,2024-11-24
C-2411,271.9,74.2,2024-10-17
C-2412,14.2,78.5,2024-10-18
C-2413,35.3,85.7,2024-12-12
C-2414,61.7,12,2024-11-05
C-2415,91.9,53,2024-12-30
C-2416,267.8,60.2,2024-11-13
C-2417,274.5,43.2,2024-12-03
C-2418,35.7,16.7,2024-11-24
C-2419,93.7,32.5,2024-11-05
C-2420,258.5,79,2024-11-01
C-2421,67.3,73.9,2024-11-10
C-2422,28,14.7,2024-11-03
C-2423,103.5,29.3,2024-12-06
C-2424,112.7,94.9,2024-11-05
C-2425,116.1,19.8,2024-10-24
C-2426,63.5,37.9,2024-11-07
C-2427,90.2,63.4,2024-12-18
C-2428,88,82.7,2024-11-22
C-2429,18.4,76.3,2024-12-09
C-2430,73.3,93.3,2024-11-03
C-2431,275.8,67.9,2024-10-07
C-2432,76.2,68.9,2024-10-12
C-2433,214.8,79.5,2024-10-18
C-2434,28.4,55.7,2024-11-07
C-2435,64.2,53.6,2024-10-21
C-2436,109.8,39.8,2024-10-31
C-2437,47.3,60.9,2024-10-23
C-2438,91.2,45.4,2024-12-23
C-2439,88.6,57.2,2024-11-28
C-2440,39.3,27.1,2024-11-11
C-2441,48.9,34.7,2024-10-27
C-2442,112.2,40.6,2024-12-25
C-2443,36.7,49,2024-11-18
C-2444,185.4,12,2024-12-06
C-2445,119.6,77.4,2024-10-11
C-2446,14.4,19.4,2024-11-09
C-2447,118,94.5,2024-11-11
C-2448,114.7,77.4,2024-10-06
C-2449,12.3,44.4,2024-12-01
C-2450,296.2,36.4,2024-12-23
C-2451,46.5,48.2,2024-11-29
C-2452,107.8,50,2024-10-31
C-2453,80.4,29.4,2024-10-17
C-2454,107.5,84.7,2024-12-05
C-2455,129.7,28.1,2024-12-07
C-2456,149.8,56.1,2024-10-16
C-2457,10.5,39.2,2024-11-26
C-2458,105.7,71.2,2024-10-18
C-2459,187.6,48.4,2024-10-05
C-2460,82.2,14.6,2024-10-30
C-2461,158.1,29.7,2024-12-29
C-2462,44.6,76.4,2024-12-11
C-2463,32.7,29.8,2024-11-17
C-2464,177.7,29.8,2024-10-26
C-2465,56.5,29.5,2024-11-13
C-2466,169.8,53.8,2024-11-19
C-2467,108.6,76.5,2024-11-15
C-2468,109.5,52.7,2024-11-05
C-2469,60.3,76.9,2024-11-14
C-2470,53.7,18.2,2024-12-19
C-2471,114.8,15.6,2024-12-21
C-2472,41.2,92,2024-12-28
C-2473,155.7,25.3,2024-10-05
C-2474,69.9,49.1,2024-11-07
C-2475,119.3,46.5,2024-11-26
C-2476,33.2,15.6,2024-10-27
C-2477,27.6,87.9,2024-12-17
C-2478,31.6,47.9,2024-12-12
C-2479,57.7,18.7,2024-11-17
C-2480,85.5,20.1,2024-11-05
C-2481,36.4,22.1,2024-10-27
C-2482,109.2,75.7,2024-12-27
C-2483,188.8,73.5,2024-11-25
C-2484,120.7,34.7,2024-11-23
C-2485,166.9,46.8,2024-12-02
C-2486,47.6,67.2,2024-12-06
C-2487,63,61.1,2024-11-22
C-2488,10.1,29.9,2024-10-19
C-2489,227.9,57.9,2024-12-21
C-2490,4.1,14.1,2024-11-25
C-2491,138.2,31.5,2024-11-02
C-2492,280.9,41.2,2024-10-10
C-2493,5.9,58.1,2024-11-15
C-2494,64.5,57.2,2024-11-03
C-2495,189.1,64.6,2024-10-04
C-2496,250.4,74.7,2024-10-22
C-2497,179.6,52.8,2024-12-23
C-2498,2.6,80.4,2024-10-30
C-2499,48.6,78.8,2024-11-05
C-2500,101.3,14.6,2024-10-11
C-2501,155.9,19.4,2024-11-01
C-2502,54.4,94.8,2024-11-10
C-2503,15.5,83.8,2024-10-27
C-2504,59.7,16.9,2024-12-06
C-2505,44.9,88.7,2024-10-06
C-2506,265.4,86.6,2024-11-19
C-2507,47.7,77,2024-12-06
C-2508,129.5,36,2024-10-25
C-2509,21.5,51.3,2024-12-07
C-2510,169.2,71.6,2024-10-18
C-2511,34,58,2024-11-16
C-2512,19.6,61.6,2024-10-29
C-2513,109.5,27.1,2024-11-29
C-2514,69.1,89.5,2024-10-09
C-2515,47,71.1,2024-12-01
C-2516,35.4,53.1,2024-12-29
C-2517,35.3,57.3,2024-11-07
C-2518,55.1,64.9,2024-10-23
C-2519,249.3,37.9,2024-11-19
C-2520,121.9,49.2,2024-11-12
C-2521,48.8,63.4,2024-11-05
C-2522,100,36.5,2024-11-15
C-2523,61.9,45.8,2024-11-30
C-2524,25.3,31.4,2024-10-22
C-2525,30.5,51.6,2024-10-17
C-2526,221.7,69,2024-11-01
C-2527,45.1,81,2024-10-13
C-2528,75.7,62.4,2024-11-08
C-2529,85.4,60.7,2024-10-27
C-2530,50.3,14.6,2024-11-17
C-2531,6.9,49.3,2024-11-17
C-2532,3,22.6,2024-12-14
C-2533,139.3,88,2024-12-04
C-2534,91.6,32.4,2024-10-05
C-2535,250.7,38.3,2024-11-17
C-2536,35.2,12.4,2024-10-12
C-2537,42.6,24.1,2024-11-18
C-2538,32.2,49.7,2024-12-07
C-2539,18.5,51.9,2024-10-16
C-2540,31.1,77,2024-11-09
C-2541,51.1,79.4,2024-11-19
C-2542,45.1,25.6,2024-10-05
C-2543,53.8,26.4,2024-12-07
C-2544,40.8,89.9,2024-12-19
C-2545,78.7,46.2,2024-12-15
C-2546,244.5,31.2,2024-12-05
C-2547,127.8,55.6,2024-11-02
C-2548,49.6,30.9,2024-11-20
C-2549,19.7,32.3,2024-10-15
C-2550,145.4,19.1,2024-10-24
C-2551,61.5,86.7,2024-11-02
C-2552,145.3,20,2024-12-29
C-2553,31.1,78.1,2024-10-08
C-2554,51.4,88.4,2024-11-01
C-2555,51.7,63.8,2024-10-18
C-2556,93.7,79.2,2024-12-11
C-2557,23.3,32.4,2024-10-18
C-2558,76,94.9,2024-10-29
C-2559,15,74.6,2024-10-06
C-2560,54.9,41.7,2024-12-26
C-2561,117.7,20.2,2024-11-13
C-2562,24,31.8,2024-10-27
C-2563,294.9,87.4,2024-11-10
C-2564,141.2,36.6,2024-12-18
C-2565,56.8,49.6,2024-11-18
C-2566,130.7,20.2,2024-12-18
C-2567,69.6,38,2024-12-22
C-2568,30.1,40.6,2024-10-25
C-2569,225.6,21.2,2024-11-18
C-2570,29.8,23.6,2024-11-27
C-2571,5.6,54.4,2024-10-17
C-2572,69.1,36.6,2024-12-07
C-2573,290.4,57.1,2024-11-19
C-2574,35.9,61.8,2024-12-14
C-2575,126.1,50.3,2024-12-26
C-2576,67.3,88,2024-10-29
C-2577,79.2,44.2,2024-11-09
C-2578,102.7,64.8,2024-11-05
C-2579,6.3,69.7,2024-10-15
C-2580,81.6,20.3,2024-12-23
C-2581,267.8,24.3,2024-10-19
C-2582,6.9,28.3,2024-12-28
C-2583,99.1,52,2024-11-07
C-2584,34.9,90.9,2024-11-27
C-2585,53.9,86.5,2024-10-31
C-2586,12.7,26,2024-12-04
C-2587,287.9,89.9,2024-11-01
C-2588,25.5,42.4,2024-11-27
C-2589,145.8,20.8,2024-10-19
C-2590,182.4,59.6,2024-10-27
C-2591,32.7,81.5,2024-11-10
C-2592,123.2,30.3,2024-12-28
C-2593,23.6,20.9,2024-12-23
C-2594,21,11.7,2024-11-01
C-2595,23,60.3,2024-11-20
C-2596,50.7,30.4,2024-10-16
C-2597,255.9,67.1,2024-10-09
C-2598,118,24,2024-12-04
C-2599,20.5,92.1,2024-11-26
C-2600,29.8,83.5,2024-12-03
C-2601,43.4,66,2024-11-13
C-2602,220.4,87.1,2024-12-03
C-2603,87,71.1,2024-11-25
C-2604,139.1,51.8,2024-12-14
C-2605,46.6,56.5,2024-10-15
C-2606,65.4,75.5,2024-11-25
C-2607,105.6,46.4,2024-12-11
C-2608,23.6,64.2,2024-10-29
C-2609,277.1,38,2024-12-13
C-2610,22.4,13,2024-12-18
C-2611,122.6,29.7,2024-12-10
C-2612,19.7,70.1,2024-11-28
C-2613,106,21.2,2024-11-03
C-2614,149.2,63.5,2024-11-08
C-2615,33.5,44.6,2024-10-16
C-2616,38.2,58.8,2024-12-20
C-2617,44.7,79.3,2024-12-13
C-2618,116.8,84.2,2024-12-24
C-2619,100.4,61,2024-10-15
C-2620,58.9,17.9,2024-11-24
C-2621,153.8,88.8,2024-10-21
C-2622,13.5,45.4,2024-10-25
C-2623,223.5,62.7,2024-12-16
C-2624,119.1,36.4,2024-12-11
C-2625,146,22.6,2024-10-24
C-2626,67,10.5,2024-12-25
C-2627,41.1,69.5,2024-10-06
C-2628,58.3,91.2,2024-12-06
C-2629,278.7,37.8,2024-12-10
C-2630,136.5,90.2,2024-12-06
C-2631,55.5,79.5,2024-10-27
C-2632,236.8,94.4,2024-12-22
C-2633,115.7,27,2024-12-12
C-2634,35.5,18.7,2024-10-27
C-2635,9.3,89.3,2024-10-06
C-2636,15.2,87.2,2024-12-13
C-2637,2.3,79.9,2024-11-05
C-2638,295.9,31.9,2024-12-09
C-2639,53.2,12.3,2024-11-06
C-2640,71,50.4,2024-12-17
C-2641,78.6,51.8,2024-10-10
C-2642,93.3,41.2,2024-12-08
C-2643,238.1,25.6,2024-11-21
C-2644,4.4,26.3,2024-10-27
C-2645,69.3,21,2024-12-09
C-2646,40,93.3,2024-12-14
C-2647,117.1,13.3,2024-12-06
C-2648,277.8,84.9,2024-11-30
C-2649,282.2,80.9,2024-12-16
C-2650,45.3,46.7,2024-11-13
C-2651,40.6,37.4,2024-11-17
C-2652,30,24,2024-11-23
C-2653,27.7,10.5,2024-11-27
C-2654,51.2,53.8,2024-12-08
C-2655,61.7,23.1,2024-10-29
C-2656,167.5,45.6,2024-12-01
C-2657,21.8,64.7,2024-12-26
C-2658,58.9,32.8,2024-10-09
C-2659,110.8,45.4,2024-12-14
C-2660,53.9,94.8,2024-10-26
C-2661,35.8,70.3,2024-12-21
C-2662,13.6,77.5,2024-10-24
C-2663,17.5,76.6,2024-11-10
C-2664,102.6,56.9,2024-10-14
C-2665,50,58.5,2024-10-09
C-2666,7.8,47.4,2024-11-11
C-2667,91.5,15.7,2024-12-25
C-2668,40.2,81.6,2024-10-13
C-2669,189.2,12.4,2024-11-18
C-2670,65.1,81.9,2024-11-07
C-2671,49.3,25.2,2024-10-25
C-2672,14.2,16.3,2024-10-23
C-2673,145,73.3,2024-11-04
C-2674,12.5,93.1,2024-10-26
C-2675,43.8,41.9,2024-12-20
C-2676,31.6,38.7,2024-12-18
C-2677,104.6,36.4,2024-12-03
C-2678,207.5,31.9,2024-12-21
C-2679,48,74.4,2024-10-27
C-2680,34.7,48.9,2024-12-06
C-2681,128.3,47.6,2024-12-31
C-2682,244.5,81,2024-12-13
C-2683,56,76,2024-11-02
C-2684,39.2,48.6,2024-12-22
C-2685,40.5,40.7,2024-12-02
C-2686,6,78.1,2024-11-21
C-2687,110.8,18,2024-10-23
C-2688,78.9,59,2024-12-25
C-2689,48.2,63.1,2024-10-12
C-2690,236.5,80.6,2024-12-24
C-2691,274.9,85.8,2024-11-19
C-2692,49.1,49.4,2024-10-06
C-2693,83.1,81.1,2024-11-11
C-2694,6.3,12.6,2024-12-09
C-2695,158.1,68.1,2024-12-31
C-2696,53.8,24.1,2024-11-18
C-2697,105.5,31.2,2024-11-11
C-2698,2.5,29.8,2024-11-02
C-2699,223.7,11,2024-10-29
C-2700,128.9,43.7,2024-11-15
C-2701,52.2,61.8,2024-11-22
C-2702,94,39.7,2024-10-06
C-2703,52.7,66.7,2024-10-22
C-2704,126.1,78.2,2024-11-29
C-2705,49.2,26,2024-12-14
C-2706,59,14.1,2024-10-19
C-2707,35,20.3,2024-11-28
C-2708,93.6,19.5,2024-10-03
C-2709,26,29,2024-11-03
C-2710,139,61.6,2024-10-04
C-2711,212,67.8,2024-10-31
C-2712,51.2,25.1,2024-11-30
C-2713,232.3,18.3,2024-12-04
C-2714,25.7,36.5,2024-12-16
C-2715,26.4,28.6,2024-10-08
C-2716,146.2,68,2024-11-23
C-2717,77.2,63,2024-12-18
C-2718,110.9,51.7,2024-12-22
C-2719,144.5,17,2024-12-08
C-2720,259.9,42.9,2024-10-10
C-2721,103,29.5,2024-11-12
C-2722,145,54.6,2024-12-09
C-2723,216,59.3,2024-12-25
C-2724,216.9,17.2,2024-12-16
C-2725,164.7,77.6,2024-12-05
C-2726,73.8,80.1,2024-12-30
C-2727,76.5,53.6,2024-11-30
C-2728,7.9,54.7,2024-10-29
C-2729,43.6,68.2,2024-10-17
C-2730,20.3,87.3,2024-10-02
C-2731,39.6,36.8,2024-12-07
C-2732,101.6,89.7,2024-11-08
C-2733,54.1,79.7,2024-10-08
C-2734,79.5,22.1,2024-11-10
C-2735,103.3,31.3,2024-12-02
C-2736,99.7,22.2,2024-11-19
C-2737,6.4,77.6,2024-11-10
C-2738,67.4,91.7,2024-12-04
C-2739,234.6,35,2024-12-08
C-2740,139.8,82.9,2024-10-04
C-2741,181.3,14.6,2024-12-04
C-2742,45,48.3,2024-12-18
C-2743,102.3,69.7,2024-11-21
C-2744,114.7,42,2024-10-19
C-2745,118.9,82.9,2024-11-10
C-2746,26.7,64.4,2024-12-12
C-2747,37.9,41.9,2024-12-02
C-2748,5.8,54.4,2024-10-24
C-2749,19.3,22.9,2024-10-04
C-2750,148.2,87.1,2024-11-07
C-2751,34.8,29.3,2024-11-29
C-2752,250.7,37,2024-10-11
C-2753,114.5,22.8,2024-12-02
C-2754,73.9,91.3,2024-11-07
C-2755,238.1,70.2,2024-11-23
C-2756,24.4,84.6,2024-11-14
C-2757,211.4,85.9,2024-11-16
C-2758,22.8,70.2,2024-10-13
C-2759,57.6,72.4,2024-11-26
C-2760,102.2,32.3,2024-12-02
C-2761,21.9,69.8,2024-11-19
C-2762,84.9,34.6,2024-12-13
C-2763,60.8,92.3,2024-10-14
C-2764,7.3,17.9,2024-12-30
C-2765,123.8,62.7,2024-12-27
C-2766,67,42.8,2024-10-19
C-2767,44.7,48.8,2024-10-13
C-2768,3.7,60.7,2024-11-16
C-2769,83.5,38.9,2024-12-24
C-2770,2,33.5,2024-10-31
C-2771,75.2,17.6,2024-10-13
C-2772,84.4,34.1,2024-11-17
C-2773,56.8,47.3,2024-10-08
C-2774,25.3,29.3,2024-10-10
C-2775,26.9,86.5,2024-12-05
C-2776,68.9,31.4,2024-12-23
C-2777,4.9,28,2024-12-28
C-2778,86.5,82.7,2024-11-03
C-2779,65.6,22.6,2024-11-26
C-2780,30.5,70.2,2024-12-11
C-2781,11.2,73.4,2024-11-08
C-2782,23.1,18,2024-10-12
C-2783,97.4,22,2024-10-07
C-2784,83.6,31.6,2024-12-14
C-2785,77.4,75.9,2024-11-23
C-2786,27.4,50.5,2024-12-18
C-2787,9.9,86.6,2024-10-12
C-2788,11.5,53.2,2024-12-15
C-2789,44.9,46.9,2024-11-27
C-2790,277.1,56.1,2024-12-26
C-2791,211.6,91.8,2024-11-28
C-2792,57.4,20.8,2024-11-23
C-2793,102.3,84.2,2024-10-28
C-2794,43.8,22.9,2024-12-06
C-2795,65.8,56.6,2024-11-17
C-2796,20.7,52.8,2024-11-16
C-2797,209,74.5,2024-12-03
C-2798,246.4,38.4,2024-12-16
C-2799,279.9,18.9,2024-12-19
C-2800,50.7,64.3,2024-10-11
C-2801,131.5,65.5,2024-12-31
C-2802,213.4,16.4,2024-11-16
C-2803,5.3,44.8,2024-10-26
C-2804,52.8,75.5,2024-11-12
C-2805,42.3,86.9,2024-12-30
C-2806,80.2,44.7,2024-10-31
C-2807,37.6,45.5,2024-12-14
C-2808,18.5,41.1,2024-12-15
C-2809,5.7,84.6,2024-10-28
C-2810,29.8,47.3,2024-10-06
C-2811,255.6,80.6,2024-11-09
C-2812,116.4,17.5,2024-11-18
C-2813,37.5,89.5,2024-11-22
C-2814,19.9,55.8,2024-10-30
C-2815,49.6,74.4,2024-10-23
C-2816,45.1,47.3,2024-11-25
C-2817,138.7,79.3,2024-10-16
C-2818,57,74.5,2024-12-25
C-2819,73.2,50,2024-12-24
C-2820,175.2,63.5,2024-12-26
C-2821,26.9,29,2024-12-29
C-2822,91.3,89.3,2024-11-21
C-2823,58.7,55.4,2024-10-06
C-2824,35.8,23.9,2024-11-04
C-2825,13.9,35.2,2024-12-24
C-2826,9.1,37.7,2024-10-27
C-2827,30,63.1,2024-10-10
C-2828,275.7,81.5,2024-12-17
C-2829,41.4,83.8,2024-12-16
C-2830,56.4,64,2024-11-17
C-2831,58.5,26.7,2024-10-08
C-2832,85.6,63.3,2024-10-10
C-2833,102,64.9,2024-10-14
C-2834,79.3,93.2,2024-12-25
C-2835,53.8,93.7,2024-12-29
C-2836,48.9,23.6,2024-12-22
C-2837,16.2,33.4,2024-11-29
C-2838,108.5,19.3,2024-12-09
C-2839,27.4,50.6,2024-12-23
C-2840,96.8,42.1,2024-12-16
C-2841,143.5,10.6,2024-12-23
C-2842,25.6,76.5,2024-10-13
C-2843,124.5,63.1,2024-11-30
C-2844,19.3,40.1,2024-10-29
C-2845,35.7,88.3,2024-12-14
C-2846,13.8,44.4,2024-11-22
C-2847,9.1,67,2024-11-07
C-2848,56.5,49.9,2024-12-07
C-2849,14.5,56.2,2024-11-15
C-2850,77.5,38.4,2024-10-26
C-2851,36.1,19.1,2024-11-20
C-2852,38.6,27.2,2024-12-25
C-2853,8.5,22.4,2024-12-05
C-2854,46.7,34.2,2024-12-19
C-2855,139.1,75.2,2024-10-14
C-2856,7.9,75.8,2024-10-10
C-2857,3.2,40.1,2024-10-03
C-2858,158.8,38.9,2024-12-24
C-2859,106,13.4,2024-11-14
C-2860,223.7,76.1,2024-10-22
C-2861,12.2,55.9,2024-11-09
C-2862,232.4,41.5,2024-10-14
C-2863,72,92.7,2024-10-10
C-2864,195.4,50,2024-12-30
C-2865,41.2,38.3,2024-11-18
C-2866,66.5,68.3,2024-11-30
C-2867,53.4,55.1,2024-10-08
C-2868,204.8,34.3,2024-10-21
C-2869,53.1,15.3,2024-12-06
C-2870,125.3,56.2,2024-11-28
C-2871,258.6,14.7,2024-10-28
C-2872,99.7,58.2,2024-10-22
C-2873,21.1,45.2,2024-12-07
C-2874,118.8,90.2,2024-11-30
C-2875,116.9,37.7,2024-10-14
C-2876,56.8,55.6,2024-10-14
C-2877,149.2,49.3,2024-12-27
C-2878,58.2,55.1,2024-11-27
C-2879,101.8,45.9,2024-10-11
C-2880,53,76.7,2024-11-30
C-2881,96.2,72.7,2024-12-29
C-2882,63,51.5,2024-12-02
C-2883,6.2,10.8,2024-12-15
C-2884,277.8,57.2,2024-12-28
C-2885,59.2,75.3,2024-11-09
C-2886,102.2,58.2,2024-10-12
C-2887,260.4,25.5,2024-12-26
C-2888,51.1,40.1,2024-12-22
C-2889,257.6,81.3,2024-12-03
C-2890,91.5,65.5,2024-10-31
C-2891,10.1,27,2024-12-17
C-2892,21.7,76.9,2024-12-28
C-2893,210.8,41.1,2024-12-22
C-2894,204.6,17.8,2024-11-24
C-2895,30.8,24.6,2024-10-02
C-2896,25.3,74.9,2024-12-30
C-2897,22.1,26,2024-11-23
C-2898,2.6,54.4,2024-10-28
C-2899,34.5,22,2024-12-29
C-2900,28.4,23.6,2024-11-26
C-2901,55.7,57.9,2024-10-09
C-2902,53.5,74.9,2024-12-30
C-2903,92.3,58.5,2024-10-29
C-2904,80.6,33.6,2024-12-27
C-2905,87,48.9,2024-11-07
C-2906,93.9,27.9,2024-10-25
C-2907,64,35.2,2024-12-27
C-2908,55.2,27.4,2024-12-20
C-2909,43.3,23.3,2024-12-02
C-2910,58.6,93.5,2024-11-08
C-2911,18.3,87.8,2024-10-10
C-2912,50.9,40.8,2024-11-17
C-2913,55.6,31.1,2024-10-20
C-2914,9.2,30,2024-10-08
C-2915,146.6,77.6,2024-10-06
C-2916,50.5,19.3,2024-11-12
C-2917,38.1,43.4,2024-11-01
C-2918,52.6,23.6,2024-10-27
C-2919,27.5,91.2,2024-12-04
C-2920,30.7,58.7,2024-11-01
C-2921,30.8,85.6,2024-12-17
C-2922,18.6,15.8,2024-10-30
C-2923,217.5,66.1,2024-10-09
C-2924,32.6,51.6,2024-12-22
C-2925,143.7,74.1,2024-10-26
C-2926,254,34.7,2024-11-01
C-2927,39,68.9,2024-11-10
C-2928,200.8,84.8,2024-10-28
C-2929,48.8,88.9,2024-10-18
C-2930,36,80.8,2024-11-29
C-2931,59.9,57.7,2024-11-29
C-2932,52.7,29.2,2024-10-30
C-2933,89.9,77.1,2024-11-22
C-2934,164.5,44.7,2024-11-20
C-2935,73.6,77.2,2024-12-12
C-2936,137.3,68.7,2024-12-02
C-2937,92.1,70,2024-11-09
C-2938,51.3,91.5,2024-10-29
C-2939,65.3,43.7,2024-11-17
C-2940,143.3,92.5,2024-10-14
C-2941,33.8,46.8,2024-10-15
C-2942,143.4,42.8,2024-10-06
C-2943,235.9,26.4,2024-10-25
C-2944,35.7,52,2024-12-02
C-2945,140.6,45.3,2024-11-19
C-2946,85.9,10.8,2024-12-22
C-2947,26.5,51,2024-10-03
C-2948,179.2,29.3,2024-12-26
C-2949,81.1,26.2,2024-11-30
C-2950,47.9,50.8,2024-12-09
C-2951,67.4,10.1,2024-11-16
C-2952,81.7,49.1,2024-12-15
C-2953,134.4,26.7,2024-12-22
C-2954,56.1,83.5,2024-10-21
C-2955,13.2,91,2024-12-21
C-2956,77,62.7,2024-10-29
C-2957,61.9,69.9,2024-12-06
C-2958,22.1,86.8,2024-12-01
C-2959,189.8,45.1,2024-10-20
C-2960,23,54.3,2024-10-26
C-2961,141.8,93.8,2024-10-25
C-2962,5,65.2,2024-12-14
C-2963,252.8,41.1,2024-11-20
C-2964,136.6,82.8,2024-11-30
C-2965,28.4,22.3,2024-10-13
C-2966,32.2,70.2,2024-10-15
C-2967,95.2,72.5,2024-10-30
C-2968,93.2,28.2,2024-12-20
C-2969,16,51.5,2024-10-13
C-2970,56.3,61.5,2024-10-24
C-2971,123.7,21.8,2024-10-18
C-2972,267.1,33.6,2024-11-07
C-2973,149.8,25.7,2024-10-10
C-2974,251.3,26.6,2024-12-23
C-2975,104.4,17.7,2024-11-18
C-2976,222.1,84.7,2024-12-01
C-2977,120.5,48.8,2024-12-03
C-2978,54,85.1,2024-12-01
C-2979,219,28.8,2024-10-21
C-2980,53.3,95,2024-10-28
C-2981,132.9,31,2024-12-24
C-2982,269.8,44.7,2024-11-13
C-2983,50.8,21.8,2024-10-30
C-2984,27.5,50.9,2024-10-11
C-2985,77.8,65,2024-12-18
C-2986,139.8,21.5,2024-10-29
C-2987,55.5,44.9,2024-11-03
C-2988,12.2,89.2,2024-11-30
C-2989,38.4,80.2,2024-12-18
C-2990,124.5,73.4,2024-11-11
C-2991,51.2,58.8,2024-11-28
C-2992,52.7,94.4,2024-10-09
C-2993,134.6,46.4,2024-12-20
C-2994,34.3,12.5,2024-12-08
C-2995,94.4,80.4,2024-12-18
C-2996,10,10.9,2024-12-04
C-2997,65.4,11,2024-10-19
C-2998,33.5,24.7,2024-12-01
C-2999,31.3,65.3,2024-12-22
C-3000,89.4,71,2024-11-06
